feature,flutter_file,method,endpoint,path_parameters,query_parameters,request_body,success_status,response_shape,handled_errors,authentication,pagination,media,realtime,legacy_route_file,legacy_controller,legacy_service,legacy_models,classification,confidence,notes,authoritative_owner,legacy_prisma_operations,required_background_process,migration_risk,evidence
auth_bridge,lib/core/auth/auth_controller.dart,GET,/api/v1/auth/me,none,none,none,200,body.user or body.data or raw body,409 (identity conflict),required,none,no,no,modules/auth/auth.routes.ts,auth.controller.getProfile,UNKNOWN,UserAuth;UserCentralAuthLink;UserProfile,KEEP_COMPATIBLE,CONFIRMED,Only Furtail-API-owned step in the auth flow; JIT-provisions local user from Central Auth identity,NEW_API_OWNS,UserAuth;UserCentralAuthLink;UserProfile,none,LOW,Carried forward unchanged from Step 3 (03-endpoint-matrix.csv); not part of the Step 5A PARTIAL/UNKNOWN resolution scope.
profile,lib/features/profile/data/profile_service.dart,GET,/api/v1/user/me,none,none,none,200 (404 fallback),data.*,404,required,none,no,no,modules/profile/profile.routes.ts,profile.controller.getMyProfile,UNKNOWN,UserProfile,KEEP_COMPATIBLE,CONFIRMED,Hardcoded literal not via ApiEndpoints class,NEW_API_OWNS,UserProfile,none,LOW,Carried forward unchanged from Step 3 (03-endpoint-matrix.csv); not part of the Step 5A PARTIAL/UNKNOWN resolution scope.
profile,lib/features/profile/data/profile_service.dart,GET,/api/v1/user/profile,none,none,none,200,data.*,none,required,none,no,no,modules/profile/profile.routes.ts,profile.controller,UNKNOWN,UserProfile,KEEP_COMPATIBLE,CONFIRMED,404 fallback path for /user/me,NEW_API_OWNS,UserProfile,none,LOW,Carried forward unchanged from Step 3 (03-endpoint-matrix.csv); not part of the Step 5A PARTIAL/UNKNOWN resolution scope.
profile,lib/features/profile/data/profile_service.dart,PATCH,/api/v1/user/me,none,none,displayName;username;bio;visibility;showEmail;showPhone;avatarMediaId;coverMediaId;email;phone,200,data.*,none,required,none,no,no,modules/profile/profile.routes.ts,profile.controller.updateMyProfile,UNKNOWN,UserProfile,KEEP_COMPATIBLE,CONFIRMED,Client caches avatar/cover cache-bust timestamps locally after success,NEW_API_OWNS,UserProfile,none,LOW,Carried forward unchanged from Step 3 (03-endpoint-matrix.csv); not part of the Step 5A PARTIAL/UNKNOWN resolution scope.
profile,lib/features/profile/data/profile_service.dart,POST,/api/v1/media/upload,none,none,multipart field: file,200,data.id,none,required,none,yes,no,modules/media/media.routes.ts,media.controller,UNKNOWN,Media;MediaVariant,KEEP_COMPATIBLE,CONFIRMED,Returns media id used as avatar/cover reference,NEW_API_OWNS,Media;MediaVariant,media processing worker (transcode/thumbnail) if async,LOW,Carried forward unchanged from Step 3 (03-endpoint-matrix.csv); not part of the Step 5A PARTIAL/UNKNOWN resolution scope.
profile,lib/core/network/api_endpoints.dart:34-35,GET/PATCH,${ApiConfig.userApi}/profile,none,none,unknown,unknown,unknown,unknown,required,none,no,no,unknown,unknown,unknown,unknown,LEGACY_UNUSED,CONFIRMED,Defined constant with no confirmed caller; live profile calls bypass this via hardcoded /user/me literal instead,LEGACY_API_TEMPORARILY_OWNS,none identified,none,LOW,Carried forward unchanged from Step 3 (03-endpoint-matrix.csv); not part of the Step 5A PARTIAL/UNKNOWN resolution scope.
profile,lib/services/social_service.dart,GET,/api/v1/user/{userId},userId,none,none,200,full profile map,none,required,none,no,no,modules/profile/profile.routes.ts,profile.controller,UNKNOWN,UserProfile,KEEP_COMPATIBLE,CONFIRMED,"Resolved Step 5A: legacy route confirmed at profile.routes.ts (GET /:id and GET /by-username/:username), both gated by the standard `auth` middleware (JWT), not optionalAuth -- despite being ""visitor"" lookups they require authentication.",NEW_API_OWNS,UserProfile,none,LOW,"furtail_api/src/api/v1/modules/profile/profile.routes.ts:15,18 (GET /by-username/:username, GET /:id, both `auth` middleware); furtail_app lib/services/social_service.dart:34-44"
profile,lib/services/social_service.dart,GET,/api/v1/user/by-username/{username},username,none,none,200,full profile map,none,required,none,no,no,modules/profile/profile.routes.ts,profile.controller,UNKNOWN,UserProfile,KEEP_COMPATIBLE,CONFIRMED,"Resolved Step 5A: legacy route confirmed at profile.routes.ts (GET /:id and GET /by-username/:username), both gated by the standard `auth` middleware (JWT), not optionalAuth -- despite being ""visitor"" lookups they require authentication.",NEW_API_OWNS,UserProfile,none,LOW,"furtail_api/src/api/v1/modules/profile/profile.routes.ts:15,18 (GET /by-username/:username, GET /:id, both `auth` middleware); furtail_app lib/services/social_service.dart:34-44"
profile,lib/services/social_service.dart,GET,/api/v1/social/status/{userId},userId,none,none,200,data.isFollowing;isLiked;isFriend;outgoingRequestId;incomingRequestId,none,required,none,no,no,modules/social/social.routes.ts,social.controller,UNKNOWN,UserFollow;UserProfileLike;UserFriendRequest;UserFriend,KEEP_COMPATIBLE,CONFIRMED,Used by VisitorProfileController.load,NEW_API_OWNS,UserFollow;UserProfileLike;UserFriendRequest;UserFriend,none,LOW,Carried forward unchanged from Step 3 (03-endpoint-matrix.csv); not part of the Step 5A PARTIAL/UNKNOWN resolution scope.
current_user_cache,lib/core/providers/current_user_provider.dart,none,none,none,none,none,none,none,none,none,none,no,no,n/a,n/a,n/a,n/a,KEEP_COMPATIBLE,CONFIRMED,Local SharedPreferences cache only; not a network call itself,NEW_API_OWNS,n/a,none,LOW,Carried forward unchanged from Step 3 (03-endpoint-matrix.csv); not part of the Step 5A PARTIAL/UNKNOWN resolution scope.
follow,lib/services/social_service.dart,POST,/api/v1/social/follow/{userId},userId,none,{},200,none,none,required,none,no,no,modules/social/social.routes.ts,social.controller,UNKNOWN,UserFollow,KEEP_COMPATIBLE,CONFIRMED,Called from visitor_profile_cubit.dart follow(),NEW_API_OWNS,UserFollow,none,LOW,Carried forward unchanged from Step 3 (03-endpoint-matrix.csv); not part of the Step 5A PARTIAL/UNKNOWN resolution scope.
follow,lib/services/social_service.dart,DELETE,/api/v1/social/follow/{userId},userId,none,none,200,none,none,required,none,no,no,modules/social/social.routes.ts,social.controller,UNKNOWN,UserFollow,KEEP_COMPATIBLE,CONFIRMED,unfollow,NEW_API_OWNS,UserFollow,none,LOW,Carried forward unchanged from Step 3 (03-endpoint-matrix.csv); not part of the Step 5A PARTIAL/UNKNOWN resolution scope.
follow,lib/services/social_service.dart,POST,/api/v1/social/like/{userId},userId,none,{},200,none,none,required,none,no,no,modules/social/social.routes.ts,social.controller,UNKNOWN,UserProfileLike,KEEP_COMPATIBLE,CONFIRMED,Profile-level like distinct from post likes,NEW_API_OWNS,UserProfileLike,none,LOW,Carried forward unchanged from Step 3 (03-endpoint-matrix.csv); not part of the Step 5A PARTIAL/UNKNOWN resolution scope.
follow,lib/services/social_service.dart,DELETE,/api/v1/social/like/{userId},userId,none,none,200,none,none,required,none,no,no,modules/social/social.routes.ts,social.controller,UNKNOWN,UserProfileLike,KEEP_COMPATIBLE,CONFIRMED,unlike profile,NEW_API_OWNS,UserProfileLike,none,LOW,Carried forward unchanged from Step 3 (03-endpoint-matrix.csv); not part of the Step 5A PARTIAL/UNKNOWN resolution scope.
follow,lib/services/social_service.dart,POST,/api/v1/social/friend-request/{userId},userId,none,{},200,data.requestId,none,required,none,no,no,modules/social/social.routes.ts,social.controller,UNKNOWN,UserFriendRequest,KEEP_COMPATIBLE,CONFIRMED,Send friend request,NEW_API_OWNS,UserFriendRequest,none,LOW,Carried forward unchanged from Step 3 (03-endpoint-matrix.csv); not part of the Step 5A PARTIAL/UNKNOWN resolution scope.
follow,lib/services/social_service.dart,POST,/api/v1/social/friend-request/{requestId}/accept,requestId,none,{},200,none,none,required,none,no,no,modules/social/social.routes.ts,social.controller,UNKNOWN,UserFriendRequest;UserFriend,KEEP_COMPATIBLE,CONFIRMED,"Path shape verified matching on both sides (requestId, not userId)",NEW_API_OWNS,UserFriendRequest;UserFriend,none,LOW,Carried forward unchanged from Step 3 (03-endpoint-matrix.csv); not part of the Step 5A PARTIAL/UNKNOWN resolution scope.
follow,lib/services/social_service.dart,POST,/api/v1/social/friend-request/{requestId}/reject,requestId,none,{},200,none,none,required,none,no,no,modules/social/social.routes.ts,social.controller,UNKNOWN,UserFriendRequest,KEEP_COMPATIBLE,CONFIRMED,Path shape verified matching,NEW_API_OWNS,UserFriendRequest,none,LOW,Carried forward unchanged from Step 3 (03-endpoint-matrix.csv); not part of the Step 5A PARTIAL/UNKNOWN resolution scope.
follow,lib/services/social_service.dart,DELETE,/api/v1/social/friend-request/{requestId}/cancel,requestId,none,none,200,none,none,required,none,no,no,modules/social/social.routes.ts,social.controller,UNKNOWN,UserFriendRequest,KEEP_COMPATIBLE,CONFIRMED,Path shape verified matching,NEW_API_OWNS,UserFriendRequest,none,LOW,Carried forward unchanged from Step 3 (03-endpoint-matrix.csv); not part of the Step 5A PARTIAL/UNKNOWN resolution scope.
blocking,lib/features/settings/data/repositories/settings_repository.dart,none,none,none,none,none,none,local SharedPreferences list,none,n/a,none,no,no,n/a,n/a,n/a,n/a,UNKNOWN,CONFIRMED,No backend endpoint; blocking is purely client-local (key bpa_settings_blocked_users) on both current client and legacy backend,NEW_API_OWNS,n/a,none,LOW,Carried forward unchanged from Step 3 (03-endpoint-matrix.csv); not part of the Step 5A PARTIAL/UNKNOWN resolution scope.
posts,lib/features/posts/data/datasources/posts_remote_ds.dart,GET,/api/v1/posts/feed,none,limit,none,200,posts list,none,required,limit-only,no,no,modules/posts/posts.routes.ts,posts.controller,UNKNOWN,Post;PostMedia;PostLike;PostComment,KEEP_COMPATIBLE,CONFIRMED,Home feed,NEW_API_OWNS,Post;PostMedia;PostLike;PostComment,none,LOW,Carried forward unchanged from Step 3 (03-endpoint-matrix.csv); not part of the Step 5A PARTIAL/UNKNOWN resolution scope.
posts,lib/features/posts/data/datasources/posts_remote_ds.dart,GET,/api/v1/posts/videos,none,limit;page;cursor;search;category;sort;duration;followingOnly,none,200,list,none,required,cursor+page hybrid,no,no,modules/posts/posts.routes.ts,posts.controller,UNKNOWN,Post;PostMedia,KEEP_COMPATIBLE,CONFIRMED,Reels/video feed,NEW_API_OWNS,Post;PostMedia,none,LOW,Carried forward unchanged from Step 3 (03-endpoint-matrix.csv); not part of the Step 5A PARTIAL/UNKNOWN resolution scope.
posts,lib/features/posts/data/datasources/posts_remote_ds.dart,GET,/api/v1/posts/user/{userId},userId,limit,none,200,list,none,required,limit-only,no,no,modules/posts/posts.routes.ts,posts.controller,UNKNOWN,Post,KEEP_COMPATIBLE,CONFIRMED,User's post feed,NEW_API_OWNS,Post,none,LOW,Carried forward unchanged from Step 3 (03-endpoint-matrix.csv); not part of the Step 5A PARTIAL/UNKNOWN resolution scope.
posts,lib/features/posts/data/datasources/posts_remote_ds.dart,GET,/api/v1/posts/user/{userId}/photos,userId,limit,none,200,list,none,required,limit-only,no,no,modules/posts/posts.routes.ts,posts.controller,UNKNOWN,Post;PostMedia,KEEP_COMPATIBLE,CONFIRMED,none,NEW_API_OWNS,Post;PostMedia,none,LOW,Carried forward unchanged from Step 3 (03-endpoint-matrix.csv); not part of the Step 5A PARTIAL/UNKNOWN resolution scope.
posts,lib/features/posts/data/datasources/posts_remote_ds.dart,GET,/api/v1/posts/user/{userId}/videos,userId,limit,none,200,list,none,required,limit-only,no,no,modules/posts/posts.routes.ts,posts.controller,UNKNOWN,Post;PostMedia,LEGACY_UNUSED,CONFIRMED,"Resolved Step 5A: `postsUserVideos()` is defined in lib/core/network/api_endpoints.dart but has zero call sites anywhere in lib/ (grep confirmed). Legacy route exists (posts.routes.ts, auth-gated). Client-defined-but-unused, not a migration gap.",NEW_API_OWNS,Post;PostMedia,none,LOW,"furtail_app lib/core/network/api_endpoints.dart:87-88 (defined, no callers); furtail_api src/api/v1/modules/posts/posts.routes.ts:18 (GET /user/:userId/videos, auth)"
posts,lib/features/posts/data/datasources/posts_remote_ds.dart,GET,/api/v1/posts/{postId},postId,none,none,200,post,none,required,none,no,no,modules/posts/posts.routes.ts,posts.controller,UNKNOWN,Post,KEEP_COMPATIBLE,CONFIRMED,Post detail,NEW_API_OWNS,Post,none,LOW,Carried forward unchanged from Step 3 (03-endpoint-matrix.csv); not part of the Step 5A PARTIAL/UNKNOWN resolution scope.
posts,lib/features/posts/data/datasources/posts_remote_ds.dart,POST,/api/v1/posts,none,none,content;media ids;tagged pets etc.,200/201,created post id,none,required,n/a,no,no,modules/posts/posts.routes.ts,posts.controller,UNKNOWN,Post;PostMedia;PostTaggedPet,KEEP_COMPATIBLE,CONFIRMED,Used by post_upload_manager.dart for background create/retry,NEW_API_OWNS,Post;PostMedia;PostTaggedPet,none,LOW,Carried forward unchanged from Step 3 (03-endpoint-matrix.csv); not part of the Step 5A PARTIAL/UNKNOWN resolution scope.
posts,lib/features/posts/data/datasources/posts_remote_ds.dart,PATCH,/api/v1/posts/{postId},postId,none,fields,200,updated post,none,required,none,no,no,modules/posts/posts.routes.ts,posts.controller,UNKNOWN,Post,KEEP_COMPATIBLE,CONFIRMED,none,NEW_API_OWNS,Post,none,LOW,Carried forward unchanged from Step 3 (03-endpoint-matrix.csv); not part of the Step 5A PARTIAL/UNKNOWN resolution scope.
posts,lib/features/posts/data/datasources/posts_remote_ds.dart,DELETE,/api/v1/posts/{postId},postId,none,none,200/204,none,none,required,none,no,no,modules/posts/posts.routes.ts,posts.controller,UNKNOWN,Post,KEEP_COMPATIBLE,CONFIRMED,none,NEW_API_OWNS,Post,none,LOW,Carried forward unchanged from Step 3 (03-endpoint-matrix.csv); not part of the Step 5A PARTIAL/UNKNOWN resolution scope.
posts,lib/features/posts/data/datasources/posts_remote_ds.dart,POST,/api/v1/posts/{postId}/like,postId,none,none,200,none,none,required,none,no,no,modules/posts/posts.routes.ts,posts.controller,UNKNOWN,PostLike,KEEP_COMPATIBLE,CONFIRMED,none,NEW_API_OWNS,PostLike,none,LOW,Carried forward unchanged from Step 3 (03-endpoint-matrix.csv); not part of the Step 5A PARTIAL/UNKNOWN resolution scope.
posts,lib/features/posts/data/datasources/posts_remote_ds.dart,DELETE,/api/v1/posts/{postId}/like,postId,none,none,200,none,none,required,none,no,no,modules/posts/posts.routes.ts,posts.controller,UNKNOWN,PostLike,KEEP_COMPATIBLE,CONFIRMED,none,NEW_API_OWNS,PostLike,none,LOW,Carried forward unchanged from Step 3 (03-endpoint-matrix.csv); not part of the Step 5A PARTIAL/UNKNOWN resolution scope.
posts,lib/features/posts/data/datasources/posts_remote_ds.dart,GET,/api/v1/posts/{postId}/comments,postId,limit,none,200,comments list,none,required,limit-only,no,no,modules/posts/posts.routes.ts,posts.controller,UNKNOWN,PostComment,KEEP_COMPATIBLE,CONFIRMED,none,NEW_API_OWNS,PostComment,none,LOW,Carried forward unchanged from Step 3 (03-endpoint-matrix.csv); not part of the Step 5A PARTIAL/UNKNOWN resolution scope.
posts,lib/features/posts/data/datasources/posts_remote_ds.dart,POST,/api/v1/posts/{postId}/comments,postId,none,text,200/201,comment,none,required,n/a,no,no,modules/posts/posts.routes.ts,posts.controller,UNKNOWN,PostComment,KEEP_COMPATIBLE,CONFIRMED,none,NEW_API_OWNS,PostComment,none,LOW,Carried forward unchanged from Step 3 (03-endpoint-matrix.csv); not part of the Step 5A PARTIAL/UNKNOWN resolution scope.
posts,lib/features/posts/data/datasources/posts_remote_ds.dart,PATCH,/api/v1/posts/{postId}/comments/{commentId},postId;commentId,none,text,200,comment,none,required,none,no,no,modules/posts/posts.routes.ts,posts.controller,UNKNOWN,PostComment,LEGACY_UNUSED,CONFIRMED,"Resolved Step 5A: definitive NOT_FOUND. Full route table read from posts.routes.ts under /comments -- only GET (list), POST (add), POST .../like, DELETE .../like, POST .../replies exist. No standalone PATCH or DELETE by commentId exists server-side. This is a genuine backend gap if the Flutter call site is exercised in production; the new API must decide whether to add this capability or the client behavior needs to change.",NEW_API_OWNS,PostComment (no matching legacy operation exists for this exact contract),none,MEDIUM,"furtail_api src/api/v1/modules/posts/posts.routes.ts:42-48 (full /comments route table, no matching route); furtail_app lib/features/posts/data/datasources/posts_remote_ds.dart (PATCH/DELETE methods defined and presumably called from comment-edit UI, not independently re-traced to a screen in Step 5A)"
posts,lib/features/posts/data/datasources/posts_remote_ds.dart,DELETE,/api/v1/posts/{postId}/comments/{commentId},postId;commentId,none,none,200/204,none,none,required,none,no,no,modules/posts/posts.routes.ts,posts.controller,UNKNOWN,PostComment,LEGACY_UNUSED,CONFIRMED,"Resolved Step 5A: definitive NOT_FOUND. Full route table read from posts.routes.ts under /comments -- only GET (list), POST (add), POST .../like, DELETE .../like, POST .../replies exist. No standalone PATCH or DELETE by commentId exists server-side. This is a genuine backend gap if the Flutter call site is exercised in production; the new API must decide whether to add this capability or the client behavior needs to change.",NEW_API_OWNS,PostComment (no matching legacy operation exists for this exact contract),none,MEDIUM,"furtail_api src/api/v1/modules/posts/posts.routes.ts:42-48 (full /comments route table, no matching route); furtail_app lib/features/posts/data/datasources/posts_remote_ds.dart (PATCH/DELETE methods defined and presumably called from comment-edit UI, not independently re-traced to a screen in Step 5A)"
posts,lib/features/posts/data/datasources/posts_remote_ds.dart,POST,/api/v1/posts/{postId}/comments/{commentId}/like,postId;commentId,none,none,200,none,none,required,none,no,no,modules/posts/posts.routes.ts,posts.controller,UNKNOWN,PostCommentLike,KEEP_COMPATIBLE,CONFIRMED,none,NEW_API_OWNS,PostCommentLike,none,LOW,Carried forward unchanged from Step 3 (03-endpoint-matrix.csv); not part of the Step 5A PARTIAL/UNKNOWN resolution scope.
posts,lib/features/posts/data/datasources/posts_remote_ds.dart,DELETE,/api/v1/posts/{postId}/comments/{commentId}/like,postId;commentId,none,none,200,none,none,required,none,no,no,modules/posts/posts.routes.ts,posts.controller,UNKNOWN,PostCommentLike,KEEP_COMPATIBLE,CONFIRMED,none,NEW_API_OWNS,PostCommentLike,none,LOW,Carried forward unchanged from Step 3 (03-endpoint-matrix.csv); not part of the Step 5A PARTIAL/UNKNOWN resolution scope.
posts,lib/features/posts/data/datasources/posts_remote_ds.dart,POST,/api/v1/posts/{postId}/comments/{commentId}/replies,postId;commentId,none,text,200/201,reply,none,required,n/a,no,no,modules/posts/posts.routes.ts,posts.controller,UNKNOWN,PostComment,KEEP_COMPATIBLE,CONFIRMED,Replies modeled as PostComment with parent reference,NEW_API_OWNS,PostComment,none,LOW,Carried forward unchanged from Step 3 (03-endpoint-matrix.csv); not part of the Step 5A PARTIAL/UNKNOWN resolution scope.
posts,lib/features/posts/presentation/widgets/post_action_sheet.dart:91,POST,/api/v1/posts/{postId}/share,postId,none,none,200,data (shareCount),none,required,n/a,no,no,none,none,none,none,LEGACY_UNUSED,CONFIRMED,CONFIRMED GAP: no matching route found in furtail_api posts.routes.ts; live client call site confirmed,LEGACY_API_TEMPORARILY_OWNS,none identified,none,LOW,Carried forward unchanged from Step 3 (03-endpoint-matrix.csv); not part of the Step 5A PARTIAL/UNKNOWN resolution scope.
posts,lib/features/posts/presentation/screens/reels_player_screen.dart:409,POST,/api/v1/posts/{postId}/view,postId,none,none,200,data (viewCount),none,required,n/a,no,no,none,none,none,none,LEGACY_UNUSED,CONFIRMED,CONFIRMED GAP: no matching route found in furtail_api posts.routes.ts; live client call site confirmed,LEGACY_API_TEMPORARILY_OWNS,none identified,none,LOW,Carried forward unchanged from Step 3 (03-endpoint-matrix.csv); not part of the Step 5A PARTIAL/UNKNOWN resolution scope.
posts,lib/features/posts/data/datasources/posts_remote_ds.dart,POST,/api/v1/posts/{postId}/bookmark,postId,none,none,200,none,none,required,none,no,no,modules/posts/posts.routes.ts,posts.controller,UNKNOWN,PostBookmark,KEEP_COMPATIBLE,CONFIRMED,none,NEW_API_OWNS,PostBookmark,none,LOW,Carried forward unchanged from Step 3 (03-endpoint-matrix.csv); not part of the Step 5A PARTIAL/UNKNOWN resolution scope.
posts,lib/features/posts/data/datasources/posts_remote_ds.dart,DELETE,/api/v1/posts/{postId}/bookmark,postId,none,none,200,none,none,required,none,no,no,modules/posts/posts.routes.ts,posts.controller,UNKNOWN,PostBookmark,KEEP_COMPATIBLE,CONFIRMED,none,NEW_API_OWNS,PostBookmark,none,LOW,Carried forward unchanged from Step 3 (03-endpoint-matrix.csv); not part of the Step 5A PARTIAL/UNKNOWN resolution scope.
posts,lib/features/posts/data/datasources/posts_remote_ds.dart,GET,/api/v1/posts/bookmarked,none,limit,none,200,list,none,required,limit-only,no,no,modules/posts/posts.routes.ts,posts.controller,UNKNOWN,PostBookmark,KEEP_COMPATIBLE,CONFIRMED,none,NEW_API_OWNS,PostBookmark,none,LOW,Carried forward unchanged from Step 3 (03-endpoint-matrix.csv); not part of the Step 5A PARTIAL/UNKNOWN resolution scope.
feeling_activities,lib/features/posts/data/datasources/feeling_activity_remote_ds.dart:45,GET,/api/v1/feeling-activities,none,none,none,200,list,none,unknown,none,no,no,modules/feeling-activities/feeling_activities.routes.ts,unknown,UNKNOWN,FeelingActivity,KEEP_COMPATIBLE,CONFIRMED,List-only endpoint on both sides,NEW_API_OWNS,FeelingActivity,none,LOW,Carried forward unchanged from Step 3 (03-endpoint-matrix.csv); not part of the Step 5A PARTIAL/UNKNOWN resolution scope.
pets,lib/features/pets/data/datasources/pet_remote_ds.dart:32,GET,/api/v1/common/animal-types,none,none,none,200,list,none,unknown,none,no,no,modules/common/common.routes.ts,common.controller,UNKNOWN,AnimalType,KEEP_COMPATIBLE,CONFIRMED,none,NEW_API_OWNS,AnimalType,none,LOW,Carried forward unchanged from Step 3 (03-endpoint-matrix.csv); not part of the Step 5A PARTIAL/UNKNOWN resolution scope.
pets,lib/features/pets/data/datasources/pet_remote_ds.dart:40,GET,/api/v1/common/breeds/{typeId},typeId,none,none,200,list,none,unknown,none,no,no,modules/common/common.routes.ts,common.controller,UNKNOWN,Breed,KEEP_COMPATIBLE,CONFIRMED,none,NEW_API_OWNS,Breed,none,LOW,Carried forward unchanged from Step 3 (03-endpoint-matrix.csv); not part of the Step 5A PARTIAL/UNKNOWN resolution scope.
pets,lib/features/pets/data/datasources/pet_remote_ds.dart:52,GET,/api/v1/user/pets/all,none,none,none,200,list,none,required,none,no,no,modules/pets/pets.routes.ts,pets.controller,UNKNOWN,Pet,KEEP_COMPATIBLE,CONFIRMED,"Base path resolves via ApiConfig.userApi=/api/v1/user; matches furtail_api's /api/v1/user/pets mount -- verified directly, corrects an earlier /user-api mis-notation",NEW_API_OWNS,Pet,none,LOW,Carried forward unchanged from Step 3 (03-endpoint-matrix.csv); not part of the Step 5A PARTIAL/UNKNOWN resolution scope.
pets,lib/features/pets/data/datasources/pet_remote_ds.dart:102,POST,/api/v1/user/pets/register,none,none,pet payload,200,pet,none,required,n/a,no,no,modules/pets/pets.routes.ts,pets.controller,UNKNOWN,Pet,KEEP_COMPATIBLE,CONFIRMED,none,NEW_API_OWNS,Pet,none,LOW,Carried forward unchanged from Step 3 (03-endpoint-matrix.csv); not part of the Step 5A PARTIAL/UNKNOWN resolution scope.
pets,lib/features/pets/data/datasources/pet_remote_ds.dart:152,PATCH,/api/v1/user/pets/{petId},petId,none,payload,200,pet,none,required,none,no,no,modules/pets/pets.routes.ts,pets.controller,UNKNOWN,Pet,KEEP_COMPATIBLE,CONFIRMED,none,NEW_API_OWNS,Pet,none,LOW,Carried forward unchanged from Step 3 (03-endpoint-matrix.csv); not part of the Step 5A PARTIAL/UNKNOWN resolution scope.
pets,lib/features/pets/data/datasources/pet_remote_ds.dart:69,POST,/api/v1/media/upload,none,none,multipart,200,data.id,none,required,n/a,yes,no,modules/media/media.routes.ts,media.controller,UNKNOWN,Media,KEEP_COMPATIBLE,CONFIRMED,Pet photo upload via generic media endpoint; uploadPetPhoto() marked deprecated in favor of this,NEW_API_OWNS,Media,media processing worker (transcode/thumbnail) if async,LOW,Carried forward unchanged from Step 3 (03-endpoint-matrix.csv); not part of the Step 5A PARTIAL/UNKNOWN resolution scope.
pet_medical,lib/features/pets/ (no call site for this sub-domain),GET/POST/PATCH/DELETE,/api/v1/user/pets/{id}/vaccinations(/{vaccinationId}),id;recordId (where applicable),none,varies by sub-route (see legacy route table),200/201/204,varies,none,required,none,no,no,modules/pets/pets.routes.ts,pets.controller,UNKNOWN,Vaccination;VaccineType;VaccinationReminder,LEGACY_UNUSED,CONFIRMED,"Resolved Step 5A: legacy-only. Full CRUD exists server-side (pets.routes.ts) including clinical fields (batch number, administering org/branch, certificate token, campaign-booking linkage). Flutter never calls any of it -- pet_profile_screen.dart only reads a coarse vaccinated:bool + nextDueDate snapshot embedded in the /profile aggregate response.",LEGACY_API_TEMPORARILY_OWNS,Vaccination;VaccineType;VaccinationReminder,none,MEDIUM,"furtail_app: no call site found in lib/features/pets/ beyond the aggregate GET .../profile read (pet_service.dart:59-73), consumed by pet_profile_screen.dart; the screen's ""Medical History""/""Diet Chart""/""Gallery"" buttons are hardcoded SnackBar stubs (pet_profile_screen.dart:136-138), not real navigation. furtail_api: full CRUD route family confirmed in pets.routes.ts:5-43. Sub-route family: /api/v1/user/pets/{id}/vaccinations(/{vaccinationId})"
pet_medical,lib/features/pets/ (no call site for this sub-domain),GET/POST/PATCH/DELETE,/api/v1/user/pets/{id}/weights(/{recordId}),id;recordId (where applicable),none,varies by sub-route (see legacy route table),200/201/204,varies,none,required,none,no,no,modules/pets/pets.routes.ts,pets.controller,UNKNOWN,PetWeight,LEGACY_UNUSED,CONFIRMED,"Resolved Step 5A: legacy-only. Full CRUD exists server-side. Flutter /profile aggregate only surfaces the single latest weightKg value, no history endpoint is called.",LEGACY_API_TEMPORARILY_OWNS,PetWeight,none,MEDIUM,"furtail_app: no call site found in lib/features/pets/ beyond the aggregate GET .../profile read (pet_service.dart:59-73), consumed by pet_profile_screen.dart; the screen's ""Medical History""/""Diet Chart""/""Gallery"" buttons are hardcoded SnackBar stubs (pet_profile_screen.dart:136-138), not real navigation. furtail_api: full CRUD route family confirmed in pets.routes.ts:5-43. Sub-route family: /api/v1/user/pets/{id}/weights(/{recordId})"
pet_medical,lib/features/pets/ (no call site for this sub-domain),GET/POST/PATCH/DELETE,/api/v1/user/pets/{id}/deworming(/{recordId}),id;recordId (where applicable),none,varies by sub-route (see legacy route table),200/201/204,varies,none,required,none,no,no,modules/pets/pets.routes.ts,pets.controller,UNKNOWN,DewormingRecord,LEGACY_UNUSED,CONFIRMED,Resolved Step 5A: legacy-only. Full CRUD exists server-side. No Flutter call site of any kind (not even an aggregate summary).,LEGACY_API_TEMPORARILY_OWNS,DewormingRecord,none,MEDIUM,"furtail_app: no call site found in lib/features/pets/ beyond the aggregate GET .../profile read (pet_service.dart:59-73), consumed by pet_profile_screen.dart; the screen's ""Medical History""/""Diet Chart""/""Gallery"" buttons are hardcoded SnackBar stubs (pet_profile_screen.dart:136-138), not real navigation. furtail_api: full CRUD route family confirmed in pets.routes.ts:5-43. Sub-route family: /api/v1/user/pets/{id}/deworming(/{recordId})"
pet_medical,lib/features/pets/ (no call site for this sub-domain),GET/POST/PATCH/DELETE,/api/v1/user/pets/{id}/medical-history(/records/{recordId}),id;recordId (where applicable),none,varies by sub-route (see legacy route table),200/201/204,varies,none,required,none,no,no,modules/pets/pets.routes.ts,pets.controller,UNKNOWN,MedicalHistory,LEGACY_UNUSED,CONFIRMED,"Resolved Step 5A: legacy-only. Full CRUD exists server-side. The ""Medical History"" button in pet_profile_screen.dart:136 is a hardcoded SnackBar stub with no repository/network call behind it.",LEGACY_API_TEMPORARILY_OWNS,MedicalHistory,none,MEDIUM,"furtail_app: no call site found in lib/features/pets/ beyond the aggregate GET .../profile read (pet_service.dart:59-73), consumed by pet_profile_screen.dart; the screen's ""Medical History""/""Diet Chart""/""Gallery"" buttons are hardcoded SnackBar stubs (pet_profile_screen.dart:136-138), not real navigation. furtail_api: full CRUD route family confirmed in pets.routes.ts:5-43. Sub-route family: /api/v1/user/pets/{id}/medical-history(/records/{recordId})"
pet_medical,lib/features/pets/ (no call site for this sub-domain),GET/POST/PATCH/DELETE,/api/v1/user/pets/{id}/documents(/{documentId}),id;recordId (where applicable),none,varies by sub-route (see legacy route table),200/201/204,varies,none,required,none,no,no,modules/pets/pets.routes.ts,pets.controller,UNKNOWN,PetDocument,LEGACY_UNUSED,CONFIRMED,"Resolved Step 5A: legacy-only. Full CRUD exists server-side (category, mediaId, title, documentDate, notes). No Flutter call site.",LEGACY_API_TEMPORARILY_OWNS,PetDocument,none,MEDIUM,"furtail_app: no call site found in lib/features/pets/ beyond the aggregate GET .../profile read (pet_service.dart:59-73), consumed by pet_profile_screen.dart; the screen's ""Medical History""/""Diet Chart""/""Gallery"" buttons are hardcoded SnackBar stubs (pet_profile_screen.dart:136-138), not real navigation. furtail_api: full CRUD route family confirmed in pets.routes.ts:5-43. Sub-route family: /api/v1/user/pets/{id}/documents(/{documentId})"
adoption,lib/features/adoption/data/datasources/adoption_remote_ds.dart:53,GET,/api/v1/adoptions,none,species;search;breed;gender;size;minAgeDays;maxAgeDays;vaccinated;dewormed;neutered;goodWithKids;goodWithDogs;goodWithCats;countryId;divisionId;stateId;districtId;cityId;areaId;nearLat;nearLng;radiusKm;page;limit,none,200,list,empty/error falls back to local mock data,optional,page-based,no,no,modules/adoptions/adoptions.routes.ts,adoptions.controller,UNKNOWN,AdoptionPet,KEEP_COMPATIBLE,CONFIRMED,"UI falls back to AdoptionPetMockData on empty/error -- placeholder fallback exists client-side, not a backend gap",NEW_API_OWNS,AdoptionPet,none,LOW,Carried forward unchanged from Step 3 (03-endpoint-matrix.csv); not part of the Step 5A PARTIAL/UNKNOWN resolution scope.
adoption,lib/features/adoption/data/datasources/adoption_remote_ds.dart:91,GET,/api/v1/adoptions/{id},id,none,none,200,adoption pet,none,optional,none,no,no,modules/adoptions/adoptions.routes.ts,adoptions.controller,UNKNOWN,AdoptionPet;AdoptionPetMedia,KEEP_COMPATIBLE,CONFIRMED,none,NEW_API_OWNS,AdoptionPet;AdoptionPetMedia,none,LOW,Carried forward unchanged from Step 3 (03-endpoint-matrix.csv); not part of the Step 5A PARTIAL/UNKNOWN resolution scope.
adoption,lib/features/adoption/data/datasources/adoption_remote_ds.dart:101,POST,/api/v1/adoptions/{id}/favorite,id,none,none,200,none,none,required,n/a,no,no,modules/adoptions/adoptions.routes.ts,adoptions.controller,UNKNOWN,AdoptionFavorite,KEEP_COMPATIBLE,CONFIRMED,none,NEW_API_OWNS,AdoptionFavorite,none,LOW,Carried forward unchanged from Step 3 (03-endpoint-matrix.csv); not part of the Step 5A PARTIAL/UNKNOWN resolution scope.
adoption,lib/features/adoption/data/datasources/adoption_remote_ds.dart:112,DELETE,/api/v1/adoptions/{id}/favorite,id,none,none,200,none,none,required,none,no,no,modules/adoptions/adoptions.routes.ts,adoptions.controller,UNKNOWN,AdoptionFavorite,KEEP_COMPATIBLE,CONFIRMED,none,NEW_API_OWNS,AdoptionFavorite,none,LOW,Carried forward unchanged from Step 3 (03-endpoint-matrix.csv); not part of the Step 5A PARTIAL/UNKNOWN resolution scope.
adoption,lib/features/adoption/data/datasources/adoption_remote_ds.dart:125,GET,/api/v1/adoptions/{id}/comments,id,limit,none,200,list,none,optional,limit-only,no,no,modules/adoptions/adoptions.routes.ts,adoptions.controller,UNKNOWN,AdoptionComment,KEEP_COMPATIBLE,CONFIRMED,none,NEW_API_OWNS,AdoptionComment,none,LOW,Carried forward unchanged from Step 3 (03-endpoint-matrix.csv); not part of the Step 5A PARTIAL/UNKNOWN resolution scope.
adoption,lib/features/adoption/data/datasources/adoption_remote_ds.dart:147,POST,/api/v1/adoptions/{id}/comments,id,none,text,200/201,comment,none,required,n/a,no,no,modules/adoptions/adoptions.routes.ts,adoptions.controller,UNKNOWN,AdoptionComment,KEEP_COMPATIBLE,CONFIRMED,none,NEW_API_OWNS,AdoptionComment,none,LOW,Carried forward unchanged from Step 3 (03-endpoint-matrix.csv); not part of the Step 5A PARTIAL/UNKNOWN resolution scope.
adoption,lib/features/adoption/data/datasources/adoption_remote_ds.dart:160,DELETE,/api/v1/adoptions/{id}/comments/{commentId},id;commentId,none,none,200/204,none,none,required,none,no,no,modules/adoptions/adoptions.routes.ts,adoptions.controller,UNKNOWN,AdoptionComment,KEEP_COMPATIBLE,CONFIRMED,none,NEW_API_OWNS,AdoptionComment,none,LOW,Carried forward unchanged from Step 3 (03-endpoint-matrix.csv); not part of the Step 5A PARTIAL/UNKNOWN resolution scope.
adoption,lib/features/adoption/data/datasources/adoption_remote_ds.dart:172,POST,/api/v1/adoptions,none,none,listing payload,200/201,listing,none,required,n/a,no,no,modules/adoptions/adoptions.routes.ts,adoptions.controller,UNKNOWN,AdoptionPet;AdoptionCriteria,KEEP_COMPATIBLE,CONFIRMED,Create adoption listing,NEW_API_OWNS,AdoptionPet;AdoptionCriteria,none,LOW,Carried forward unchanged from Step 3 (03-endpoint-matrix.csv); not part of the Step 5A PARTIAL/UNKNOWN resolution scope.
adoption,lib/features/adoption/data/datasources/adoption_remote_ds.dart:186,PATCH,/api/v1/adoptions/{id},id,none,payload,200,listing,none,required,none,no,no,modules/adoptions/adoptions.routes.ts,adoptions.controller,UNKNOWN,AdoptionPet,KEEP_COMPATIBLE,CONFIRMED,none,NEW_API_OWNS,AdoptionPet,none,LOW,Carried forward unchanged from Step 3 (03-endpoint-matrix.csv); not part of the Step 5A PARTIAL/UNKNOWN resolution scope.
adoption,lib/features/adoption/data/datasources/adoption_remote_ds.dart:197,POST,/api/v1/adoptions/{id}/submit-review,id,none,none,200,none,none,required,n/a,no,no,modules/adoptions/adoptions.routes.ts,adoptions.controller,UNKNOWN,AdoptionStatusHistory,KEEP_COMPATIBLE,CONFIRMED,none,NEW_API_OWNS,AdoptionStatusHistory,none,LOW,Carried forward unchanged from Step 3 (03-endpoint-matrix.csv); not part of the Step 5A PARTIAL/UNKNOWN resolution scope.
adoption,lib/features/adoption/data/datasources/adoption_remote_ds.dart:231,POST,/api/v1/adoptions/{id}/apply,id,none,application payload,200/201,application,none,required,n/a,no,no,modules/adoptions/adoptions.routes.ts,adoptions.controller,UNKNOWN,AdoptionApplication;AdoptionApplicationAnswer,KEEP_COMPATIBLE,CONFIRMED,none,NEW_API_OWNS,AdoptionApplication;AdoptionApplicationAnswer,none,LOW,Carried forward unchanged from Step 3 (03-endpoint-matrix.csv); not part of the Step 5A PARTIAL/UNKNOWN resolution scope.
adoption,lib/features/adoption/data/datasources/adoption_remote_ds.dart:241,GET,/api/v1/me/adoptions,none,page;limit,none,200,list,none,required,page-based,no,no,modules/adoptions/adoptions.routes.ts (meRouter),adoptions.controller,UNKNOWN,AdoptionPet,KEEP_COMPATIBLE,CONFIRMED,Mounted at /me alongside modules/me/me.routes.ts,NEW_API_OWNS,AdoptionPet,none,LOW,Carried forward unchanged from Step 3 (03-endpoint-matrix.csv); not part of the Step 5A PARTIAL/UNKNOWN resolution scope.
adoption,lib/features/adoption/data/datasources/adoption_remote_ds.dart:252,GET,/api/v1/me/adoption-applications,none,page;limit,none,200,list,none,required,page-based,no,no,modules/adoptions/adoptions.routes.ts (meRouter),adoptions.controller,UNKNOWN,AdoptionApplication,KEEP_COMPATIBLE,CONFIRMED,none,NEW_API_OWNS,AdoptionApplication,none,LOW,Carried forward unchanged from Step 3 (03-endpoint-matrix.csv); not part of the Step 5A PARTIAL/UNKNOWN resolution scope.
adoption,lib/features/adoption/data/datasources/adoption_remote_ds.dart:269,GET,/api/v1/me/adoptions/{id}/applications,id,none,none,200,list,none,required,none,no,no,modules/adoptions/adoptions.routes.ts (meRouter),adoptions.controller,UNKNOWN,AdoptionApplication,KEEP_COMPATIBLE,CONFIRMED,Lists applications for one adoption listing,NEW_API_OWNS,AdoptionApplication,none,LOW,Carried forward unchanged from Step 3 (03-endpoint-matrix.csv); not part of the Step 5A PARTIAL/UNKNOWN resolution scope.
adoption,lib/features/adoption/data/datasources/adoption_remote_ds.dart:287,GET,/api/v1/me/adoption-applications/{applicationId},applicationId,none,none,200,application,none,required,none,no,no,none,none,none,none,KEEP_COMPATIBLE,CONFIRMED,"Resolved Step 5A: definitive FOUND. meRouter.get(""/adoption-applications/:applicationId"", auth, controller.getApplicationDetail) confirmed via full read of adoptions.routes.ts, distinct from the list route, the sub-application-list route, and the status/notes update routes.",NEW_API_OWNS,AdoptionApplication;AdoptionApplicationAnswer,none,LOW,"furtail_api src/api/v1/modules/adoptions/adoptions.routes.ts:27 (meRouter.get(""/adoption-applications/:applicationId"", auth, controller.getApplicationDetail))"
adoption,lib/features/adoption/data/datasources/adoption_remote_ds.dart:301,PATCH,/api/v1/me/adoption-applications/{applicationId}/status,applicationId,none,status,200,application,none,required,none,no,no,modules/adoptions/adoptions.routes.ts (meRouter),adoptions.controller,UNKNOWN,AdoptionApplication,KEEP_COMPATIBLE,CONFIRMED,"POST on furtail_api side per reference mapping; verb mismatch (Flutter PATCH vs backend POST) noted for follow-up, not independently re-verified byte-for-byte",NEW_API_OWNS,AdoptionApplication,none,LOW,Carried forward unchanged from Step 3 (03-endpoint-matrix.csv); not part of the Step 5A PARTIAL/UNKNOWN resolution scope.
adoption,lib/features/adoption/data/datasources/adoption_remote_ds.dart:315,PATCH,/api/v1/me/adoption-applications/{applicationId}/notes,applicationId,none,notes,200,application,none,required,none,no,no,modules/adoptions/adoptions.routes.ts (meRouter),adoptions.controller,UNKNOWN,AdoptionApplication,KEEP_COMPATIBLE,CONFIRMED,none,NEW_API_OWNS,AdoptionApplication,none,LOW,Carried forward unchanged from Step 3 (03-endpoint-matrix.csv); not part of the Step 5A PARTIAL/UNKNOWN resolution scope.
adoption,lib/features/adoption/data/datasources/adoption_remote_ds.dart:329,POST,/api/v1/adoptions/{id}/report,id,none,reason,200/201,none,none,required,n/a,no,no,modules/adoptions/adoptions.routes.ts,adoptions.controller,UNKNOWN,AdoptionReport,KEEP_COMPATIBLE,CONFIRMED,Separate from generic /reports endpoint,NEW_API_OWNS,AdoptionReport,none,LOW,Carried forward unchanged from Step 3 (03-endpoint-matrix.csv); not part of the Step 5A PARTIAL/UNKNOWN resolution scope.
adoption,lib/features/adoption/data/datasources/adoption_remote_ds.dart:207,GET,/api/v1/public/countries,none,none,none,200,list,none,not required,none,no,no,modules/countries/countries.routes.ts,countries.controller,UNKNOWN,Country,KEEP_COMPATIBLE,CONFIRMED,Also used by country_picker_screen.dart,NEW_API_OWNS,Country,none,LOW,Carried forward unchanged from Step 3 (03-endpoint-matrix.csv); not part of the Step 5A PARTIAL/UNKNOWN resolution scope.
adoption,lib/features/adoption/data/datasources/adoption_remote_ds.dart:340,GET,/api/v1/common/animal-types,none,none,none,200,list,none,unknown,none,no,no,modules/common/common.routes.ts,common.controller,UNKNOWN,AnimalType,KEEP_COMPATIBLE,CONFIRMED,"Duplicated with pets feature, same endpoint",NEW_API_OWNS,AnimalType,none,LOW,Carried forward unchanged from Step 3 (03-endpoint-matrix.csv); not part of the Step 5A PARTIAL/UNKNOWN resolution scope.
adoption,lib/features/adoption/data/datasources/adoption_remote_ds.dart:349,GET,/api/v1/common/breeds/{typeId},typeId,none,none,200,list,none,unknown,none,no,no,modules/common/common.routes.ts,common.controller,UNKNOWN,Breed,KEEP_COMPATIBLE,CONFIRMED,"Duplicated with pets feature, same endpoint",NEW_API_OWNS,Breed,none,LOW,Carried forward unchanged from Step 3 (03-endpoint-matrix.csv); not part of the Step 5A PARTIAL/UNKNOWN resolution scope.
fundraising,lib/features/fundraising/data/repositories/fundraising_repository.dart,GET,/api/v1/fundraising/feed,none,"limit(def 20,max 100);cursor(opaque, composite createdAt+id);sort(NEW|TOP_DONATED|ENDING_SOON,def NEW);category;location;bdDivisionId;bdDistrictId;bdUpazilaId;bdAreaId (Flutter also sends `verified` bool, silently dropped server-side -- unknown key, no schema field)",none,200,"{items:[{id,publicId,slug,title,status,fundingMode,category,locationText,currencyCode,targetAmountMinor(string),monthlyGoalMinor(string|null),raisedAmountMinor(string),publishedAt,startsAt,endsAt,deadline,nextReviewAt,coverMediaUrl,creator{displayName,username,avatarUrl}|null,donorsCount,viewerHasDonated}], nextCursor:string|null}",none,required,"cursor (opaque composite, server-encoded)",no,no,modules/fundraising/fundraising.routes.ts,fundraising.controller,UNKNOWN,FundraisingCampaign,KEEP_COMPATIBLE,CONFIRMED,"Resolved Step 5A: exact query schema is fundraisingFeedQuerySchema (fundraising.dto.ts:87-97, zod, non-strict). Flutter's `verified` param has zero server-side effect (silently stripped, not in schema). Response fields do NOT include a raw `targetAmount` Int despite Prisma selecting it -- only *Minor BigInt-as-string fields are exposed. Country scope applied via optionalAuth + req.countryContext.",NEW_API_OWNS,"FundraisingCampaign (select: id,publicId,slug,title,status,fundingMode,category,locationText,currencyCode,targetAmount,targetAmountMinor,monthlyGoalMinor,startsAt,endsAt,nextReviewAt,publishedAt,deadline,createdAt + nested post/stats)",none (synchronous read),LOW,"furtail_api src/api/v1/modules/fundraising/fundraising.routes.ts:31 (optionalAuth); fundraising.controller.ts:189-210; fundraising.service.ts:679-719,740-889 (toFeedDto, getFeed, composite cursor encode/decode); fundraising.dto.ts:87-97 (query schema); furtail_app lib/features/fundraising/data/repositories/fundraising_repository.dart:176-215"
fundraising,lib/features/fundraising/data/repositories/fundraising_repository.dart,GET,/api/v1/fundraising/my/campaigns,none,"limit (sent by Flutter, def 100 -- IGNORED server-side, controller never forwards req.query.limit to the service; server always uses its own internal default of 100, capped at 200)",none,200,"plain array (not a page envelope) of FundraisingCampaign items, each with stats + post nested",none,required,"none (plain array, no cursor/page -- take+orderBy only, not client-controllable)",no,no,modules/fundraising/fundraising.routes.ts,fundraising.controller,UNKNOWN,FundraisingCampaign,KEEP_COMPATIBLE,CONFIRMED,"Resolved Step 5A: route is literally /my/campaigns (matches Flutter exactly, no /my-campaigns variant exists). Controller (fundraising.controller.ts:1077-1098) requires req.user.id (401 if missing) but does NOT read/forward req.query.limit to the service -- Flutter's ?limit=100 has no effect; the server always applies its own default/cap. Account lookup: prisma.fundraisingAccount.findFirst(where:{userId,deletedAt:null}) -- returns [] if no account exists (no error).",NEW_API_OWNS,FundraisingAccount (lookup only);FundraisingCampaign (findMany where accountId+countryCode+deletedAt:null),none,LOW,furtail_api fundraising.routes.ts:92 (auth); fundraising.controller.ts:1077-1098 (limit not forwarded); fundraising.service.ts:894+ (listMyCampaigns); furtail_app fundraising_repository.dart:218-225
fundraising,lib/features/fundraising/data/repositories/fundraising_repository.dart (repo.dart:227-234),GET,/api/v1/fundraising/campaigns/{id},id,none,none,200/201/204,FundraisingCampaign detail,none,optional,n/a,no,no,modules/fundraising/fundraising.routes.ts,fundraising.controller,fundraising.service,FundraisingCampaign;FundraisingCampaignStatusHistory,KEEP_COMPATIBLE,CONFIRMED,"Resolved Step 5A: split from an aggregate ""CRUD"" row. routes.ts:32 (optionalAuth)",NEW_API_OWNS,"FundraisingCampaign (create/update/delete);FundraisingCampaignStatusHistory (status-transition audit, written server-side on status changes, not client-supplied)",none,MEDIUM,"furtail_api src/api/v1/modules/fundraising/fundraising.routes.ts (full route table read); fundraising.dto.ts (fundraisingCompatCreateSchema:108-126, fundraisingCompatUpdateSchema:128-143); furtail_app lib/features/fundraising/data/repositories/fundraising_repository.dart (exact line refs per row)."
fundraising,lib/features/fundraising/data/repositories/fundraising_repository.dart (repo.dart:236-... (createDraft)),POST,/api/v1/fundraising/campaigns/drafts,none,none,draft payload,200/201/204,campaign draft,none,required,n/a,no,no,modules/fundraising/fundraising.routes.ts,fundraising.controller,fundraising.service,FundraisingCampaign;FundraisingCampaignStatusHistory,KEEP_COMPATIBLE,CONFIRMED,"Resolved Step 5A: split from an aggregate ""CRUD"" row. routes.ts:34 (auth, fundraisingMutationLimiter, requireFeature(FUNDRAISING))",NEW_API_OWNS,"FundraisingCampaign (create/update/delete);FundraisingCampaignStatusHistory (status-transition audit, written server-side on status changes, not client-supplied)",none,MEDIUM,"furtail_api src/api/v1/modules/fundraising/fundraising.routes.ts (full route table read); fundraising.dto.ts (fundraisingCompatCreateSchema:108-126, fundraisingCompatUpdateSchema:128-143); furtail_app lib/features/fundraising/data/repositories/fundraising_repository.dart (exact line refs per row)."
fundraising,lib/features/fundraising/data/repositories/fundraising_repository.dart (repo.dart (fetchDraft)),GET,/api/v1/fundraising/campaigns/{id}/draft,id,none,none,200/201/204,campaign draft,none,required,n/a,no,no,modules/fundraising/fundraising.routes.ts,fundraising.controller,fundraising.service,FundraisingCampaign;FundraisingCampaignStatusHistory,KEEP_COMPATIBLE,CONFIRMED,"Resolved Step 5A: split from an aggregate ""CRUD"" row. routes.ts:35 (auth, requireFeature)",NEW_API_OWNS,"FundraisingCampaign (create/update/delete);FundraisingCampaignStatusHistory (status-transition audit, written server-side on status changes, not client-supplied)",none,MEDIUM,"furtail_api src/api/v1/modules/fundraising/fundraising.routes.ts (full route table read); fundraising.dto.ts (fundraisingCompatCreateSchema:108-126, fundraisingCompatUpdateSchema:128-143); furtail_app lib/features/fundraising/data/repositories/fundraising_repository.dart (exact line refs per row)."
fundraising,lib/features/fundraising/data/repositories/fundraising_repository.dart (repo.dart (updateDraft)),PATCH,/api/v1/fundraising/campaigns/{id}/draft,id,none,draft fields,200/201/204,updated draft,none,required,n/a,no,no,modules/fundraising/fundraising.routes.ts,fundraising.controller,fundraising.service,FundraisingCampaign;FundraisingCampaignStatusHistory,KEEP_COMPATIBLE,CONFIRMED,"Resolved Step 5A: split from an aggregate ""CRUD"" row. routes.ts:36 (auth, fundraisingMutationLimiter, requireFeature)",NEW_API_OWNS,"FundraisingCampaign (create/update/delete);FundraisingCampaignStatusHistory (status-transition audit, written server-side on status changes, not client-supplied)",none,MEDIUM,"furtail_api src/api/v1/modules/fundraising/fundraising.routes.ts (full route table read); fundraising.dto.ts (fundraisingCompatCreateSchema:108-126, fundraisingCompatUpdateSchema:128-143); furtail_app lib/features/fundraising/data/repositories/fundraising_repository.dart (exact line refs per row)."
fundraising,lib/features/fundraising/data/repositories/fundraising_repository.dart (repo.dart:267-277 (submitDraft)),POST,/api/v1/fundraising/campaigns/{id}/submit,id,none,idempotencyKey (per repo.dart:267-277),200/201/204,submitted campaign,none,required,n/a,no,no,modules/fundraising/fundraising.routes.ts,fundraising.controller,fundraising.service,FundraisingCampaign;FundraisingCampaignStatusHistory,KEEP_COMPATIBLE,CONFIRMED,"Resolved Step 5A: split from an aggregate ""CRUD"" row. routes.ts:37 (auth, fundraisingMutationLimiter, requireFeature)",NEW_API_OWNS,"FundraisingCampaign (create/update/delete);FundraisingCampaignStatusHistory (status-transition audit, written server-side on status changes, not client-supplied)",none,MEDIUM,"furtail_api src/api/v1/modules/fundraising/fundraising.routes.ts (full route table read); fundraising.dto.ts (fundraisingCompatCreateSchema:108-126, fundraisingCompatUpdateSchema:128-143); furtail_app lib/features/fundraising/data/repositories/fundraising_repository.dart (exact line refs per row)."
fundraising,lib/features/fundraising/data/repositories/fundraising_repository.dart (repo.dart:572-610),POST,/api/v1/fundraising/campaigns,none,none,"title,caption,category,locationText(required);targetAmount?,targetAmountMinor?,monthlyGoalMinor?,fundingMode=ONE_TIME,startsAt?,endsAt?,deadline?,nextReviewAt?,mediaIds=[]",200/201/204,FundraisingCampaign,none,required,n/a,no,no,modules/fundraising/fundraising.routes.ts,fundraising.controller,fundraising.service,FundraisingCampaign;FundraisingCampaignStatusHistory,KEEP_COMPATIBLE,CONFIRMED,"Resolved Step 5A: split from an aggregate ""CRUD"" row. routes.ts:39 (auth, requireFeature(FUNDRAISING)); validator: fundraisingCompatCreateSchema",NEW_API_OWNS,"FundraisingCampaign (create/update/delete);FundraisingCampaignStatusHistory (status-transition audit, written server-side on status changes, not client-supplied)",none,MEDIUM,"furtail_api src/api/v1/modules/fundraising/fundraising.routes.ts (full route table read); fundraising.dto.ts (fundraisingCompatCreateSchema:108-126, fundraisingCompatUpdateSchema:128-143); furtail_app lib/features/fundraising/data/repositories/fundraising_repository.dart (exact line refs per row)."
fundraising,lib/features/fundraising/data/repositories/fundraising_repository.dart (repo.dart:319-359),PATCH,/api/v1/fundraising/campaigns/{id},id,none,"any of title,caption,category,locationText,targetAmount,targetAmountMinor,monthlyGoalMinor,fundingMode,startsAt,endsAt,deadline,nextReviewAt,status,mediaIds (only non-null sent)",200/201/204,FundraisingCampaign,none,required,n/a,no,no,modules/fundraising/fundraising.routes.ts,fundraising.controller,fundraising.service,FundraisingCampaign;FundraisingCampaignStatusHistory,KEEP_COMPATIBLE,CONFIRMED,"Resolved Step 5A: split from an aggregate ""CRUD"" row. routes.ts:40 (auth, requireFeature); validator: fundraisingCompatUpdateSchema, field-for-field match confirmed against Flutter payload",NEW_API_OWNS,"FundraisingCampaign (create/update/delete);FundraisingCampaignStatusHistory (status-transition audit, written server-side on status changes, not client-supplied)",none,MEDIUM,"furtail_api src/api/v1/modules/fundraising/fundraising.routes.ts (full route table read); fundraising.dto.ts (fundraisingCompatCreateSchema:108-126, fundraisingCompatUpdateSchema:128-143); furtail_app lib/features/fundraising/data/repositories/fundraising_repository.dart (exact line refs per row)."
fundraising,lib/features/fundraising/data/repositories/fundraising_repository.dart (repo.dart:361-366),DELETE,/api/v1/fundraising/campaigns/{id},id,none,none,200/201/204,void,none,required,n/a,no,no,modules/fundraising/fundraising.routes.ts,fundraising.controller,fundraising.service,FundraisingCampaign;FundraisingCampaignStatusHistory,KEEP_COMPATIBLE,CONFIRMED,"Resolved Step 5A: split from an aggregate ""CRUD"" row. routes.ts:41 (auth, requireFeature)",NEW_API_OWNS,"FundraisingCampaign (create/update/delete);FundraisingCampaignStatusHistory (status-transition audit, written server-side on status changes, not client-supplied)",none,MEDIUM,"furtail_api src/api/v1/modules/fundraising/fundraising.routes.ts (full route table read); fundraising.dto.ts (fundraisingCompatCreateSchema:108-126, fundraisingCompatUpdateSchema:128-143); furtail_app lib/features/fundraising/data/repositories/fundraising_repository.dart (exact line refs per row)."
fundraising,lib/features/fundraising/data/repositories/fundraising_repository.dart:288,POST,/api/v1/fundraising/campaigns/{id}/donate,id,none,amount,200/201,donation,none,required,n/a,no,no,modules/fundraising/fundraising.routes.ts,fundraising.controller,UNKNOWN,Donation;FundraisingDonationIntent;FundraisingDonationPaymentAttempt,KEEP_COMPATIBLE,CONFIRMED,FINANCIAL FLOW -- requires exact compatibility,NEW_API_OWNS,Donation;FundraisingDonationIntent;FundraisingDonationPaymentAttempt,payment/payout webhook processing,HIGH,Carried forward unchanged from Step 3 (03-endpoint-matrix.csv); not part of the Step 5A PARTIAL/UNKNOWN resolution scope.
fundraising,lib/features/fundraising/data/repositories/fundraising_repository.dart,GET,/api/v1/fundraising/campaigns/{id}/donations,id,limit;cursor,none,200,list,none,required,cursor,no,no,modules/fundraising/fundraising.routes.ts,fundraising.controller,UNKNOWN,Donation,KEEP_COMPATIBLE,CONFIRMED,none,NEW_API_OWNS,Donation,none,LOW,Carried forward unchanged from Step 3 (03-endpoint-matrix.csv); not part of the Step 5A PARTIAL/UNKNOWN resolution scope.
fundraising,lib/features/fundraising/data/repositories/fundraising_repository.dart:385-452,GET,/api/v1/fundraising/campaigns/{id}/updates,id,limit(def 50);cursor?,none,200/201/204,cursor page of FundraisingUpdateItem,none,required,cursor,no,no,modules/fundraising/fundraising.routes.ts,fundraising.controller,fundraising.service,"FundraisingUpdate (content lives on the linked Post, not on FundraisingUpdate itself -- FundraisingUpdate is a thin campaignId+postId join row)",KEEP_COMPATIBLE,CONFIRMED,"Resolved Step 5A: split from an aggregate ""CRUD"" row. Note: no requireFeature(FUNDRAISING) gate on this route group, unlike campaign CRUD itself. routes.ts:58 (auth)",NEW_API_OWNS,"FundraisingUpdate;Post (update content is a Post, updates table only links campaignId<->postId)",none,MEDIUM,furtail_api fundraising.routes.ts:58-61; furtail_app lib/features/fundraising/data/repositories/fundraising_repository.dart:385-452.
fundraising,lib/features/fundraising/data/repositories/fundraising_repository.dart:385-452,POST,/api/v1/fundraising/campaigns/{id}/updates,id,none,caption?;mediaIds=[],200/201/204,FundraisingUpdateItem,none,required,n/a,no,no,modules/fundraising/fundraising.routes.ts,fundraising.controller,fundraising.service,"FundraisingUpdate (content lives on the linked Post, not on FundraisingUpdate itself -- FundraisingUpdate is a thin campaignId+postId join row)",KEEP_COMPATIBLE,CONFIRMED,"Resolved Step 5A: split from an aggregate ""CRUD"" row. Note: no requireFeature(FUNDRAISING) gate on this route group, unlike campaign CRUD itself. routes.ts:59 (auth, fundraisingMutationLimiter)",NEW_API_OWNS,"FundraisingUpdate;Post (update content is a Post, updates table only links campaignId<->postId)",none,MEDIUM,furtail_api fundraising.routes.ts:58-61; furtail_app lib/features/fundraising/data/repositories/fundraising_repository.dart:385-452.
fundraising,lib/features/fundraising/data/repositories/fundraising_repository.dart:385-452,PATCH,/api/v1/fundraising/updates/{updateId},updateId,none,caption?;mediaIds? (only non-null),200/201/204,FundraisingUpdateItem,none,required,n/a,no,no,modules/fundraising/fundraising.routes.ts,fundraising.controller,fundraising.service,"FundraisingUpdate (content lives on the linked Post, not on FundraisingUpdate itself -- FundraisingUpdate is a thin campaignId+postId join row)",KEEP_COMPATIBLE,CONFIRMED,"Resolved Step 5A: split from an aggregate ""CRUD"" row. Note: no requireFeature(FUNDRAISING) gate on this route group, unlike campaign CRUD itself. routes.ts:60 (auth, fundraisingMutationLimiter)",NEW_API_OWNS,"FundraisingUpdate;Post (update content is a Post, updates table only links campaignId<->postId)",none,MEDIUM,furtail_api fundraising.routes.ts:58-61; furtail_app lib/features/fundraising/data/repositories/fundraising_repository.dart:385-452.
fundraising,lib/features/fundraising/data/repositories/fundraising_repository.dart:385-452,DELETE,/api/v1/fundraising/updates/{updateId},updateId,none,none,200/201/204,void,none,required,n/a,no,no,modules/fundraising/fundraising.routes.ts,fundraising.controller,fundraising.service,"FundraisingUpdate (content lives on the linked Post, not on FundraisingUpdate itself -- FundraisingUpdate is a thin campaignId+postId join row)",KEEP_COMPATIBLE,CONFIRMED,"Resolved Step 5A: split from an aggregate ""CRUD"" row. Note: no requireFeature(FUNDRAISING) gate on this route group, unlike campaign CRUD itself. routes.ts:61 (auth, fundraisingMutationLimiter)",NEW_API_OWNS,"FundraisingUpdate;Post (update content is a Post, updates table only links campaignId<->postId)",none,MEDIUM,furtail_api fundraising.routes.ts:58-61; furtail_app lib/features/fundraising/data/repositories/fundraising_repository.dart:385-452.
fundraising,lib/features/fundraising/data/repositories/fundraising_repository.dart,GET,/api/v1/fundraising/payout/catalog,none,none,none,200,list,none,required,none,no,no,modules/fundraising/fundraising.routes.ts,fundraising.controller,UNKNOWN,FundraisingPayoutMethodCatalog,KEEP_COMPATIBLE,CONFIRMED,none,NEW_API_OWNS,FundraisingPayoutMethodCatalog,payment/payout webhook processing,LOW,Carried forward unchanged from Step 3 (03-endpoint-matrix.csv); not part of the Step 5A PARTIAL/UNKNOWN resolution scope.
fundraising,lib/features/fundraising/data/repositories/fundraising_repository.dart,GET,/api/v1/fundraising/payout/methods,none,none,none,200,list,none,required,none,no,no,modules/fundraising/fundraising.routes.ts,fundraising.controller,UNKNOWN,FundraisingPayoutMethod,KEEP_COMPATIBLE,CONFIRMED,FINANCIAL FLOW,NEW_API_OWNS,FundraisingPayoutMethod,payment/payout webhook processing,HIGH,Carried forward unchanged from Step 3 (03-endpoint-matrix.csv); not part of the Step 5A PARTIAL/UNKNOWN resolution scope.
fundraising,lib/features/fundraising/data/repositories/fundraising_repository.dart,unknown,/api/v1/fundraising/withdraw/requests,none,limit;cursor,unknown,200,list,none,required,cursor,no,no,modules/fundraising/fundraising.routes.ts,fundraising.controller,UNKNOWN,FundraisingWithdrawRequest,KEEP_COMPATIBLE,CONFIRMED,FINANCIAL FLOW,NEW_API_OWNS,FundraisingWithdrawRequest,payment/payout webhook processing,HIGH,Carried forward unchanged from Step 3 (03-endpoint-matrix.csv); not part of the Step 5A PARTIAL/UNKNOWN resolution scope.
fundraising_account,lib/features/fundraising/data/repositories/fundraising_repository.dart (repo.dart:455-492),GET,/api/v1/fundraising/account/me,none,none,none,200/201/204,FundraisingAccount or null (404/NOT_FOUND-family codes mapped to null client-side),"account-not-found-family codes (mapped to null client-side, see _isAccountNotFoundError)",required,n/a,no,no,modules/fundraising/fundraising.routes.ts,fundraising.controller,fundraising.service,FundraisingAccount;FundraisingAccountStatusLog(admin-only writes);FundraisingVerificationDocument,KEEP_COMPATIBLE,CONFIRMED,Resolved Step 5A: split from an aggregate row. No admin gate on any of these (auth-only). Document upload is NOT multipart -- it references a mediaId. routes.ts:69 (auth) -- Flutter-facing alias; routes.ts:68 GET /account is a back-compat alias for the same handler,NEW_API_OWNS,"FundraisingAccount;FundraisingVerificationDocument (title,mediaId,createdAt,deletedAt -- exact match to Flutter payload)",none,MEDIUM,furtail_api fundraising.routes.ts:68-74; furtail_app lib/features/fundraising/data/repositories/fundraising_repository.dart:454-570.
fundraising_account,lib/features/fundraising/data/repositories/fundraising_repository.dart (repo.dart:494-539),PATCH,/api/v1/fundraising/account,none,none,"accountType,permanentAddress,presentAddress,occupation,area,divisionId,districtId,upazilaId,unionId,areaId,countryName,stateName,cityName,addressLine,latitude,longitude,formattedAddress,dateOfBirth,nationalIdNumber,birthRegNumber,studentIdNumber,passportNumber,verificationDraftJson,rescueSinceYear,orgName,orgDescription,orgWorkType (whitelisted in controller, no zod validator observed at this call site -- UNKNOWN whether service applies further validation)",200/201/204,FundraisingAccount,"account-not-found-family codes (mapped to null client-side, see _isAccountNotFoundError)",required,n/a,no,no,modules/fundraising/fundraising.routes.ts,fundraising.controller,fundraising.service,FundraisingAccount;FundraisingAccountStatusLog(admin-only writes);FundraisingVerificationDocument,KEEP_COMPATIBLE,CONFIRMED,Resolved Step 5A: split from an aggregate row. No admin gate on any of these (auth-only). Document upload is NOT multipart -- it references a mediaId. routes.ts:70 (auth),NEW_API_OWNS,"FundraisingAccount;FundraisingVerificationDocument (title,mediaId,createdAt,deletedAt -- exact match to Flutter payload)",none,MEDIUM,furtail_api fundraising.routes.ts:68-74; furtail_app lib/features/fundraising/data/repositories/fundraising_repository.dart:454-570.
fundraising_account,lib/features/fundraising/data/repositories/fundraising_repository.dart (repo.dart:541-553),POST,/api/v1/fundraising/account/submit,none,none,{} empty,200/201/204,void,"account-not-found-family codes (mapped to null client-side, see _isAccountNotFoundError)",required,n/a,no,no,modules/fundraising/fundraising.routes.ts,fundraising.controller,fundraising.service,FundraisingAccount;FundraisingAccountStatusLog(admin-only writes);FundraisingVerificationDocument,KEEP_COMPATIBLE,CONFIRMED,Resolved Step 5A: split from an aggregate row. No admin gate on any of these (auth-only). Document upload is NOT multipart -- it references a mediaId. routes.ts:74 (auth),NEW_API_OWNS,"FundraisingAccount;FundraisingVerificationDocument (title,mediaId,createdAt,deletedAt -- exact match to Flutter payload)",none,MEDIUM,furtail_api fundraising.routes.ts:68-74; furtail_app lib/features/fundraising/data/repositories/fundraising_repository.dart:454-570.
fundraising_account,lib/features/fundraising/data/repositories/fundraising_repository.dart (repo.dart:555-563),POST,/api/v1/fundraising/account/documents,none,none,"{title,mediaId} -- NOT multipart; references an already-uploaded mediaId (upload happens via a separate generic media call, exact call site not located within fundraising_repository.dart)",200/201/204,void,"account-not-found-family codes (mapped to null client-side, see _isAccountNotFoundError)",required,n/a,indirect (references mediaId from a separate upload),no,modules/fundraising/fundraising.routes.ts,fundraising.controller,fundraising.service,FundraisingAccount;FundraisingAccountStatusLog(admin-only writes);FundraisingVerificationDocument,KEEP_COMPATIBLE,CONFIRMED,Resolved Step 5A: split from an aggregate row. No admin gate on any of these (auth-only). Document upload is NOT multipart -- it references a mediaId. routes.ts:72 (auth),NEW_API_OWNS,"FundraisingAccount;FundraisingVerificationDocument (title,mediaId,createdAt,deletedAt -- exact match to Flutter payload)",none,MEDIUM,furtail_api fundraising.routes.ts:68-74; furtail_app lib/features/fundraising/data/repositories/fundraising_repository.dart:454-570.
fundraising_account,lib/features/fundraising/data/repositories/fundraising_repository.dart (repo.dart:565-570),DELETE,/api/v1/fundraising/account/documents/{id},id,none,none,200/201/204,void,"account-not-found-family codes (mapped to null client-side, see _isAccountNotFoundError)",required,n/a,no,no,modules/fundraising/fundraising.routes.ts,fundraising.controller,fundraising.service,FundraisingAccount;FundraisingAccountStatusLog(admin-only writes);FundraisingVerificationDocument,KEEP_COMPATIBLE,CONFIRMED,Resolved Step 5A: split from an aggregate row. No admin gate on any of these (auth-only). Document upload is NOT multipart -- it references a mediaId. routes.ts:73 (auth),NEW_API_OWNS,"FundraisingAccount;FundraisingVerificationDocument (title,mediaId,createdAt,deletedAt -- exact match to Flutter payload)",none,MEDIUM,furtail_api fundraising.routes.ts:68-74; furtail_app lib/features/fundraising/data/repositories/fundraising_repository.dart:454-570.
campaign_checkout,lib/features/campaign/data/repositories/campaign_repository.dart:229,POST,/api/v1/campaign/public/checkout/init,none,none,booking/payment details,200/201,checkout session,none,not required (public),n/a,no,no,modules/campaign/campaign.routes.ts,campaign.controller,UNKNOWN,FundraisingCampaignIdempotencyKey,KEEP_COMPATIBLE,CONFIRMED,FINANCIAL FLOW -- public booking checkout,NEW_API_OWNS,FundraisingCampaignIdempotencyKey,payment/payout webhook processing,HIGH,Carried forward unchanged from Step 3 (03-endpoint-matrix.csv); not part of the Step 5A PARTIAL/UNKNOWN resolution scope.
campaign_checkout,lib/features/campaign/data/repositories/campaign_repository.dart:235,POST,/api/v1/campaign/public/checkout/confirm-free,none,none,unknown,200,none,none,not required,n/a,no,no,modules/campaign/campaign.routes.ts,campaign.controller,UNKNOWN,CampaignBooking,KEEP_COMPATIBLE,CONFIRMED,Free-booking path (no payment),NEW_API_OWNS,CampaignBooking,payment/payout webhook processing,LOW,Carried forward unchanged from Step 3 (03-endpoint-matrix.csv); not part of the Step 5A PARTIAL/UNKNOWN resolution scope.
campaign_checkout,lib/features/campaign/data/repositories/campaign_repository.dart:244,GET,/api/v1/campaign/public/checkout/{checkoutId}/status,checkoutId,none,none,200,status,none,not required,none,no,no,modules/campaign/campaign.routes.ts,campaign.controller,UNKNOWN,CampaignCheckoutSession,KEEP_COMPATIBLE,CONFIRMED,Polled by client for payment status; furtail_api param name is checkoutId matching Flutter's expectation,NEW_API_OWNS,CampaignCheckoutSession,payment/payout webhook processing,LOW,Carried forward unchanged from Step 3 (03-endpoint-matrix.csv); not part of the Step 5A PARTIAL/UNKNOWN resolution scope.
campaign_checkout,lib/core/network/api_endpoints.dart:610,POST,/api/v1/campaign/public/coupons/validate,none,none,unknown,200,unknown,none,not required,n/a,no,no,modules/campaign/campaign.routes.ts,campaign.controller,UNKNOWN,unknown,LEGACY_UNUSED,CONFIRMED,"Resolved Step 5A: DEAD CODE on the client side. ApiEndpoints.campaignCouponValidate() is defined but grep of the entire lib/features/campaign tree found zero callers. Coupon codes are instead passed inline as a `couponCode` field inside initCheckout()'s body -- the dedicated validate endpoint is never hit. Legacy route confirmed public, no auth (campaign.routes.ts:510-524), synchronous validateCampaignCoupon(code) check, 400 INVALID_COUPON on failure.",NEW_API_OWNS,"none identified (coupon validation appears to be a synchronous code-format check, not a Prisma-backed lookup, per campaign.routes.ts:513)",none,LOW,"furtail_app lib/core/network/api_endpoints.dart:610-611 (defined, zero callers found via grep of lib/features/campaign); furtail_api src/api/v1/modules/campaign/campaign.routes.ts:510-524 (public, no auth)"
campaign_vaccination,unknown (campaign feature),unknown,/api/v1/campaign/booking/* (create; my; :ref; :ref/cancel; :ref/payment; :ref/payment-status),unknown,unknown,unknown,unknown,unknown,unknown,OTP-session Bearer token (requireOtpSession) -- NOT the standard Furtail JWT `auth` middleware used elsewhere,unknown,no,no,modules/campaign/campaign.routes.ts,campaign.controller,UNKNOWN,CampaignBooking;CampaignSlot;CampaignVaccineType,LEGACY_UNUSED,CONFIRMED,"Resolved Step 5A: none of the /campaign/booking/* routes (create, my, :ref, :ref/cancel, :ref/payment, :ref/payment-status) are called from campaign_repository.dart. The Flutter app instead uses the separate /campaign/public/checkout/init + confirm-free flow for booking creation, and /campaign-link/* (my-bookings, vaccinations, upcoming, benefits) for authenticated post-booking data -- both already covered by their own CSV rows. The booking sub-router uses a distinct OTP-session Bearer auth model (verifySession/requireOtpSession), not the standard Furtail JWT, and additionally scopes /:ref/payment by matching booking.owner.phone to the session phone. UNKNOWN whether any other Flutter repository file (outside campaign_repository.dart, not in this step's scope) calls this sub-router.",LEGACY_API_TEMPORARILY_OWNS,CampaignBooking;CampaignSlot;CampaignVaccineType;CampaignIncludedVaccine,"SMS delivery (campaign.smsQueue.ts) for booking confirmations, per Step 3 findings",MEDIUM,"furtail_api src/api/v1/modules/campaign/campaign.routes.ts:693-756 (bookingRouter, mounted /campaign/booking); furtail_app: grep of lib/features/campaign found zero call sites for this sub-router in campaign_repository.dart"
campaign_certificate,lib/features/campaign/data/repositories/campaign_repository.dart (verifyCertificatePublic),GET,/api/v1/campaign/public/verify/{token},token,none,none,200,raw map (verification result),none,not required (public),none,no,no,modules/campaign/campaign.routes.ts,campaign.controller,campaign.service,Campaign;CampaignBooking;CampaignPet,KEEP_COMPATIBLE,CONFIRMED,"Resolved Step 5A: split from an aggregate row of 5 URLs into the 6 distinct endpoints actually involved (public verify/certificates/certificates-pdf are 3 separate routes; campaign-link certificates/certificates-pdf/claim are 3 more). campaign.routes.ts:220-231, handleVerificationRequest(token,{ipAddress,userAgent,source:""API""})",NEW_API_OWNS,"Campaign;CampaignBooking;CampaignPet (exact fields not traced in Step 5A -- certificate generation logic itself, e.g. PDF rendering, not read)","PDF generation (server-internal, not traced)",MEDIUM,"furtail_api src/api/v1/modules/campaign/campaign.routes.ts (public block) and campaignLink.routes.ts (auth-required, router.use(auth) at line 23); furtail_app lib/features/campaign/data/repositories/campaign_repository.dart:317-355."
campaign_certificate,lib/features/campaign/data/repositories/campaign_repository.dart ((not directly called -- app uses the campaign-link authenticated variant instead)),GET,/api/v1/campaign/public/certificates/{token},token,none,none,200,certificate data,none,not required (public),none,no,no,modules/campaign/campaign.routes.ts,campaign.controller,campaign.service,Campaign;CampaignBooking;CampaignPet,KEEP_COMPATIBLE,CONFIRMED,"Resolved Step 5A: split from an aggregate row of 5 URLs into the 6 distinct endpoints actually involved (public verify/certificates/certificates-pdf are 3 separate routes; campaign-link certificates/certificates-pdf/claim are 3 more). campaign.routes.ts:233-246, getCertificateData(token)",NEW_API_OWNS,"Campaign;CampaignBooking;CampaignPet (exact fields not traced in Step 5A -- certificate generation logic itself, e.g. PDF rendering, not read)","PDF generation (server-internal, not traced)",MEDIUM,"furtail_api src/api/v1/modules/campaign/campaign.routes.ts (public block) and campaignLink.routes.ts (auth-required, router.use(auth) at line 23); furtail_app lib/features/campaign/data/repositories/campaign_repository.dart:317-355."
campaign_certificate,lib/features/campaign/data/repositories/campaign_repository.dart ((not directly called -- see campaign-link variant)),GET,/api/v1/campaign/public/certificates/{token}/pdf,token,none,none,200,PDF binary,none,not required (public),none,yes (PDF binary),no,modules/campaign/campaign.routes.ts,campaign.controller,campaign.service,Campaign;CampaignBooking;CampaignPet,KEEP_COMPATIBLE,CONFIRMED,"Resolved Step 5A: split from an aggregate row of 5 URLs into the 6 distinct endpoints actually involved (public verify/certificates/certificates-pdf are 3 separate routes; campaign-link certificates/certificates-pdf/claim are 3 more). campaign.routes.ts:248-261, generateCertificatePdf(token)",NEW_API_OWNS,"Campaign;CampaignBooking;CampaignPet (exact fields not traced in Step 5A -- certificate generation logic itself, e.g. PDF rendering, not read)","PDF generation (server-internal, not traced)",MEDIUM,"furtail_api src/api/v1/modules/campaign/campaign.routes.ts (public block) and campaignLink.routes.ts (auth-required, router.use(auth) at line 23); furtail_app lib/features/campaign/data/repositories/campaign_repository.dart:317-355."
campaign_certificate,lib/features/campaign/data/repositories/campaign_repository.dart (fetchCertificate),GET,/api/v1/campaign-link/certificates/{token},token,none,none,200,CertificateData,none,required (Furtail JWT),none,no,no,modules/campaign/campaignLink.routes.ts,campaign.controller,campaign.service,Campaign;CampaignBooking;CampaignPet,KEEP_COMPATIBLE,CONFIRMED,"Resolved Step 5A: split from an aggregate row of 5 URLs into the 6 distinct endpoints actually involved (public verify/certificates/certificates-pdf are 3 separate routes; campaign-link certificates/certificates-pdf/claim are 3 more). campaignLink.routes.ts:122-135, same getCertificateData(token) function as the public variant",NEW_API_OWNS,"Campaign;CampaignBooking;CampaignPet (exact fields not traced in Step 5A -- certificate generation logic itself, e.g. PDF rendering, not read)","PDF generation (server-internal, not traced)",MEDIUM,"furtail_api src/api/v1/modules/campaign/campaign.routes.ts (public block) and campaignLink.routes.ts (auth-required, router.use(auth) at line 23); furtail_app lib/features/campaign/data/repositories/campaign_repository.dart:317-355."
campaign_certificate,"lib/features/campaign/data/repositories/campaign_repository.dart (fetchCertificatePdf (swallows errors client-side, returns null on failure))",GET,/api/v1/campaign-link/certificates/{token}/pdf,token,none,none,200,CertificatePdfData? (PDF binary),none,required (Furtail JWT),none,yes (PDF binary),no,modules/campaign/campaignLink.routes.ts,campaign.controller,campaign.service,Campaign;CampaignBooking;CampaignPet,KEEP_COMPATIBLE,CONFIRMED,"Resolved Step 5A: split from an aggregate row of 5 URLs into the 6 distinct endpoints actually involved (public verify/certificates/certificates-pdf are 3 separate routes; campaign-link certificates/certificates-pdf/claim are 3 more). campaignLink.routes.ts:137-150, same generateCertificatePdf(token) function",NEW_API_OWNS,"Campaign;CampaignBooking;CampaignPet (exact fields not traced in Step 5A -- certificate generation logic itself, e.g. PDF rendering, not read)","PDF generation (server-internal, not traced)",MEDIUM,"furtail_api src/api/v1/modules/campaign/campaign.routes.ts (public block) and campaignLink.routes.ts (auth-required, router.use(auth) at line 23); furtail_app lib/features/campaign/data/repositories/campaign_repository.dart:317-355."
campaign_certificate,lib/features/campaign/data/repositories/campaign_repository.dart (claimCertificate),POST,/api/v1/campaign-link/certificate/{token}/claim,token,none,none,200,raw map,none,required (Furtail JWT),none,no,no,modules/campaign/campaignLink.routes.ts,campaign.controller,campaign.service,Campaign;CampaignBooking;CampaignPet,KEEP_COMPATIBLE,CONFIRMED,"Resolved Step 5A: split from an aggregate row of 5 URLs into the 6 distinct endpoints actually involved (public verify/certificates/certificates-pdf are 3 separate routes; campaign-link certificates/certificates-pdf/claim are 3 more). campaignLink.routes.ts:110-120, claimCertificate(token, userId) -- claim/attribution step exists ONLY in the authenticated module, not duplicated publicly",NEW_API_OWNS,"Campaign;CampaignBooking;CampaignPet (exact fields not traced in Step 5A -- certificate generation logic itself, e.g. PDF rendering, not read)","PDF generation (server-internal, not traced)",MEDIUM,"furtail_api src/api/v1/modules/campaign/campaign.routes.ts (public block) and campaignLink.routes.ts (auth-required, router.use(auth) at line 23); furtail_app lib/features/campaign/data/repositories/campaign_repository.dart:317-355."
wallet,lib/features/wallet/data/repositories/wallet_repository.dart:11,GET,/api/v1/wallet/me,none,none,none,200,wallet,none,required,none,no,no,modules/wallet/wallet.routes.ts,wallet.controller,UNKNOWN,UserWallet,KEEP_COMPATIBLE,CONFIRMED,FINANCIAL FLOW,NEW_API_OWNS,UserWallet,none,HIGH,Carried forward unchanged from Step 3 (03-endpoint-matrix.csv); not part of the Step 5A PARTIAL/UNKNOWN resolution scope.
wallet,lib/features/wallet/data/repositories/wallet_repository.dart:23,GET,/api/v1/wallet/transactions,none,limit;cursor;type;status;sourceType,none,200,list,none,required,cursor,no,no,modules/wallet/wallet.routes.ts,wallet.controller,UNKNOWN,WalletTransaction,KEEP_COMPATIBLE,CONFIRMED,FINANCIAL FLOW,NEW_API_OWNS,WalletTransaction,none,HIGH,Carried forward unchanged from Step 3 (03-endpoint-matrix.csv); not part of the Step 5A PARTIAL/UNKNOWN resolution scope.
wallet,lib/features/wallet/data/repositories/wallet_repository.dart:48,GET,/api/v1/wallet/withdraw/requests,none,limit;cursor;status,none,200,list,none,required,cursor,no,no,modules/wallet/wallet.routes.ts,wallet.controller,UNKNOWN,WalletWithdrawRequest,KEEP_COMPATIBLE,CONFIRMED,FINANCIAL FLOW,NEW_API_OWNS,WalletWithdrawRequest,payment/payout webhook processing,HIGH,Carried forward unchanged from Step 3 (03-endpoint-matrix.csv); not part of the Step 5A PARTIAL/UNKNOWN resolution scope.
wallet,lib/features/wallet/data/repositories/wallet_repository.dart:73,POST,/api/v1/wallet/withdraw/requests,none,none,amount;method;etc.,200/201,withdraw request,none,required,n/a,no,no,modules/wallet/wallet.routes.ts,wallet.controller,UNKNOWN,WalletWithdrawRequest,KEEP_COMPATIBLE,CONFIRMED,FINANCIAL FLOW,NEW_API_OWNS,WalletWithdrawRequest,payment/payout webhook processing,HIGH,Carried forward unchanged from Step 3 (03-endpoint-matrix.csv); not part of the Step 5A PARTIAL/UNKNOWN resolution scope.
wallet,lib/features/wallet/data/repositories/wallet_repository.dart:83,POST,/api/v1/wallet/withdraw/requests/{id}/cancel,id,none,none,200,none,none,required,n/a,no,no,modules/wallet/wallet.routes.ts,wallet.controller,UNKNOWN,WalletWithdrawRequest,KEEP_COMPATIBLE,CONFIRMED,FINANCIAL FLOW,NEW_API_OWNS,WalletWithdrawRequest,payment/payout webhook processing,HIGH,Carried forward unchanged from Step 3 (03-endpoint-matrix.csv); not part of the Step 5A PARTIAL/UNKNOWN resolution scope.
notifications,lib/features/notifications/data/repositories/notification_repository.dart:44,POST,/api/v1/notifications/device-token,none,none,token;platform;provider=fcm,200,none,none,required,n/a,no,no,modules/notifications/notifications.routes.ts,notifications.controller,UNKNOWN,UserDeviceToken,KEEP_COMPATIBLE,CONFIRMED,"Resolved Step 5A: registration IS exercised in the live app flow (via _initFirebaseMessaging, not via the seemingly-unused registerPushAfterAuth()). Backend route, controller, and Prisma model (UserDeviceToken) all confirmed real and functioning; push delivery pipeline confirmed non-stub. Original ""Fails silently until backend endpoint ships"" code comment is now known to be STALE -- the endpoint exists and functions; the comment describes historical defensive behavior (best-effort swallow), not current backend absence.",NEW_API_OWNS,"UserDeviceToken (upsert on unique token; fields: userId,platform,deviceId,isActive,lastSeenAt)",push delivery worker (pushNotification.service.ts -> admin.messaging().sendEachForMulticast); Firebase credential configuration UNKNOWN in the actual runtime env (var names undocumented in .env.example),MEDIUM,"furtail_app lib/features/notifications/data/repositories/notification_repository.dart:38-59 (registerDeviceToken), called from notification_service.dart:223,227 inside _initFirebaseMessaging() (initial fetch + onTokenRefresh) -- confirmed LIVE call path, not dead code, though notification_controller.dart:235-246 registerPushAfterAuth() itself has zero callers (registration instead fires at service-init time, not specifically gated on post-login as its doc comment implies). furtail_api src/api/v1/modules/notifications/notifications.routes.ts:6-7 (auth); notifications.controller.ts:60-99 (upsert on unique token; response {id,platform,isActive}). No dedicated test file found for this route (grep for device-token/notification test files found only unrelated notificationQueue.test.ts). Push pipeline is NOT a stub: pushNotification.service.ts:104-145 reads active UserDeviceToken rows and calls admin.messaging().sendEachForMulticast(), deactivating invalid tokens. Firebase credential env var names (FIREBASE_SERVICE_ACCOUNT_JSON / FIREBASE_PROJECT_ID+CLIENT_EMAIL+PRIVATE_KEY / GOOGLE_APPLICATION_CREDENTIALS) do NOT appear in furtail_api/.env.example -- undocumented in the template, actual runtime configuration UNKNOWN (not inspected, values never read)."
notifications,lib/features/notifications/data/repositories/notification_repository.dart:65,DELETE,/api/v1/notifications/device-token,none,none,none,200,none,none,required (best-effort),n/a,no,no,modules/notifications/notifications.routes.ts,notifications.controller,UNKNOWN,UserDeviceToken,KEEP_COMPATIBLE,CONFIRMED,"Resolved Step 5A: registration IS exercised in the live app flow (via _initFirebaseMessaging, not via the seemingly-unused registerPushAfterAuth()). Backend route, controller, and Prisma model (UserDeviceToken) all confirmed real and functioning; push delivery pipeline confirmed non-stub. Original ""Fails silently until backend endpoint ships"" code comment is now known to be STALE -- the endpoint exists and functions; the comment describes historical defensive behavior (best-effort swallow), not current backend absence.",NEW_API_OWNS,"UserDeviceToken (upsert on unique token; fields: userId,platform,deviceId,isActive,lastSeenAt)",push delivery worker (pushNotification.service.ts -> admin.messaging().sendEachForMulticast); Firebase credential configuration UNKNOWN in the actual runtime env (var names undocumented in .env.example),MEDIUM,"furtail_app lib/features/notifications/data/repositories/notification_repository.dart:38-59 (registerDeviceToken), called from notification_service.dart:223,227 inside _initFirebaseMessaging() (initial fetch + onTokenRefresh) -- confirmed LIVE call path, not dead code, though notification_controller.dart:235-246 registerPushAfterAuth() itself has zero callers (registration instead fires at service-init time, not specifically gated on post-login as its doc comment implies). furtail_api src/api/v1/modules/notifications/notifications.routes.ts:6-7 (auth); notifications.controller.ts:60-99 (upsert on unique token; response {id,platform,isActive}). No dedicated test file found for this route (grep for device-token/notification test files found only unrelated notificationQueue.test.ts). Push pipeline is NOT a stub: pushNotification.service.ts:104-145 reads active UserDeviceToken rows and calls admin.messaging().sendEachForMulticast(), deactivating invalid tokens. Firebase credential env var names (FIREBASE_SERVICE_ACCOUNT_JSON / FIREBASE_PROJECT_ID+CLIENT_EMAIL+PRIVATE_KEY / GOOGLE_APPLICATION_CREDENTIALS) do NOT appear in furtail_api/.env.example -- undocumented in the template, actual runtime configuration UNKNOWN (not inspected, values never read)."
notifications,lib/features/notifications/data/repositories/notification_repository.dart:76,GET/PATCH,/api/v1/notifications/settings,none,none,allowEmail;allowSms etc.,200,prefs,none,required,none,no,no,modules/notifications/notifications.routes.ts,notifications.controller,UNKNOWN,UserNotificationPrefs,KEEP_COMPATIBLE,CONFIRMED,Also surfaced via settings feature,NEW_API_OWNS,UserNotificationPrefs,notification dispatch worker (push delivery),LOW,Carried forward unchanged from Step 3 (03-endpoint-matrix.csv); not part of the Step 5A PARTIAL/UNKNOWN resolution scope.
notifications,lib/features/notifications/data/repositories/notification_repository.dart:94,GET,/api/v1/notifications,none,limit;cursor,none,200,list,none,required,cursor,no,no,modules/notifications/notifications.routes.ts,notifications.controller,UNKNOWN,Notification,KEEP_COMPATIBLE,CONFIRMED,none,NEW_API_OWNS,Notification,notification dispatch worker (push delivery),LOW,Carried forward unchanged from Step 3 (03-endpoint-matrix.csv); not part of the Step 5A PARTIAL/UNKNOWN resolution scope.
notifications,lib/features/notifications/data/repositories/notification_repository.dart:115,POST,/api/v1/notifications/{id}/read,id,none,none,200,none,none,required,n/a,no,no,modules/notifications/notifications.routes.ts,notifications.controller,UNKNOWN,NotificationRead,KEEP_COMPATIBLE,CONFIRMED,none,NEW_API_OWNS,NotificationRead,notification dispatch worker (push delivery),LOW,Carried forward unchanged from Step 3 (03-endpoint-matrix.csv); not part of the Step 5A PARTIAL/UNKNOWN resolution scope.
notifications,lib/features/notifications/data/repositories/notification_repository.dart:132,POST,/api/v1/notifications/read-all,none,none,none,200,none,none,required,n/a,no,no,modules/notifications/notifications.routes.ts,notifications.controller,UNKNOWN,NotificationRead,KEEP_COMPATIBLE,CONFIRMED,none,NEW_API_OWNS,NotificationRead,notification dispatch worker (push delivery),LOW,Carried forward unchanged from Step 3 (03-endpoint-matrix.csv); not part of the Step 5A PARTIAL/UNKNOWN resolution scope.
notifications,lib/features/notifications/data/repositories/notification_repository.dart:147,GET,/api/v1/notifications/unread-count,none,none,none,200,data.count,none,required,none,no,no,modules/notifications/notifications.routes.ts,notifications.controller,UNKNOWN,Notification,KEEP_COMPATIBLE,CONFIRMED,none,NEW_API_OWNS,Notification,notification dispatch worker (push delivery),LOW,Carried forward unchanged from Step 3 (03-endpoint-matrix.csv); not part of the Step 5A PARTIAL/UNKNOWN resolution scope.
reports,lib/core/services/report_service.dart:35,POST,/api/v1/reports,none,none,type;targetId;reason;etc.,200/201,report,none,required,n/a,no,no,modules/reports/reports.routes.ts,reports.controller,UNKNOWN,Report,KEEP_COMPATIBLE,CONFIRMED,Generic content report for posts/users/adoption listings via type field,NEW_API_OWNS,Report,none,LOW,Carried forward unchanged from Step 3 (03-endpoint-matrix.csv); not part of the Step 5A PARTIAL/UNKNOWN resolution scope.
reports,lib/core/network/api_endpoints.dart:426,GET,/api/v1/reports/reasons,none,type,none,unknown,unknown,unknown,unknown,none,no,no,none,none,none,none,LEGACY_UNUSED,CONFIRMED,"No live caller found in Flutter app; no matching route in furtail_api reports.routes.ts either -- unimplemented on both sides, not a migration requirement",LEGACY_API_TEMPORARILY_OWNS,none identified,none,LOW,Carried forward unchanged from Step 3 (03-endpoint-matrix.csv); not part of the Step 5A PARTIAL/UNKNOWN resolution scope.
stories,lib/features/story/data/datasources/story_remote_ds.dart:29,GET,/api/v1/stories/feed,none,limit,none,200,list,none,required,limit-only,no,no,modules/stories/stories.routes.ts,stories.controller,UNKNOWN,Story,KEEP_COMPATIBLE,CONFIRMED,none,NEW_API_OWNS,Story,none,LOW,Carried forward unchanged from Step 3 (03-endpoint-matrix.csv); not part of the Step 5A PARTIAL/UNKNOWN resolution scope.
stories,lib/features/story/data/datasources/story_remote_ds.dart:44,POST,/api/v1/stories,none,none,"multipart field 'media' (direct file upload, not a mediaId reference)",200/201,story,none,required,n/a,yes,no,modules/stories/stories.routes.ts,stories.controller,UNKNOWN,Story,KEEP_COMPATIBLE,CONFIRMED,"Resolved Step 5A: createStory() is a direct multipart upload (multipartPost, fieldName:'media'), not a mediaId reference like fundraising documents. Legacy: multer upload.single('media'), memory storage, size limit from appConfig.mediaPolicy.maxUploadBytes. Field name 'media' matches exactly on both sides.",NEW_API_OWNS,"Story;Media (created via multer memory-storage upload, then presumably persisted to object storage -- exact storage-write path not traced)","none (synchronous upload) -- unless media processing (transcode/thumbnail) is applied post-upload, not confirmed for stories specifically",LOW,"furtail_app lib/features/story/data/datasources/story_remote_ds.dart:38-53; furtail_api src/api/v1/modules/stories/stories.routes.ts:7-22 (multer upload.single('media'), memory storage, size limit from mediaPolicy.maxUploadBytes)"
stories,lib/features/story/data/datasources/story_remote_ds.dart:58,POST,/api/v1/stories/{id}/view,id,none,none,200,none,none,required,n/a,no,no,modules/stories/stories.routes.ts,stories.controller,UNKNOWN,StoryView,KEEP_COMPATIBLE,CONFIRMED,none,NEW_API_OWNS,StoryView,none,LOW,Carried forward unchanged from Step 3 (03-endpoint-matrix.csv); not part of the Step 5A PARTIAL/UNKNOWN resolution scope.
stories,lib/features/story/data/datasources/story_remote_ds.dart:66,DELETE,/api/v1/stories/{id},id,none,none,200/204,none,none,required,none,no,no,modules/stories/stories.routes.ts,stories.controller,UNKNOWN,Story,KEEP_COMPATIBLE,CONFIRMED,none,NEW_API_OWNS,Story,none,LOW,Carried forward unchanged from Step 3 (03-endpoint-matrix.csv); not part of the Step 5A PARTIAL/UNKNOWN resolution scope.
settings,lib/features/settings/data/repositories/settings_repository.dart,GET/PATCH,/api/v1/notifications/settings,none,none,allowEmail;allowSms,200,prefs,none,required,none,no,no,modules/notifications/notifications.routes.ts,notifications.controller,UNKNOWN,UserNotificationPrefs,KEEP_COMPATIBLE,CONFIRMED,Shared with notifications feature; local cache merged with server response,NEW_API_OWNS,UserNotificationPrefs,none,LOW,Carried forward unchanged from Step 3 (03-endpoint-matrix.csv); not part of the Step 5A PARTIAL/UNKNOWN resolution scope.
settings,lib/features/settings/data/repositories/settings_repository.dart,none,none,none,none,none,none,local privacy settings,none,n/a,none,no,no,n/a,n/a,n/a,n/a,KEEP_COMPATIBLE,CONFIRMED,"Privacy settings are local-only (SharedPreferences), no backend call",NEW_API_OWNS,n/a,none,LOW,Carried forward unchanged from Step 3 (03-endpoint-matrix.csv); not part of the Step 5A PARTIAL/UNKNOWN resolution scope.
settings,lib/features/settings/data/repositories/settings_repository.dart:167,DELETE,/api/v1/notifications/device-token,none,none,none,200,none,none,required,n/a,no,no,modules/notifications/notifications.routes.ts,notifications.controller,UNKNOWN,UserDeviceToken,KEEP_COMPATIBLE,CONFIRMED,"Resolved Step 5A: registration IS exercised in the live app flow (via _initFirebaseMessaging, not via the seemingly-unused registerPushAfterAuth()). Backend route, controller, and Prisma model (UserDeviceToken) all confirmed real and functioning; push delivery pipeline confirmed non-stub. Original ""Fails silently until backend endpoint ships"" code comment is now known to be STALE -- the endpoint exists and functions; the comment describes historical defensive behavior (best-effort swallow), not current backend absence.",NEW_API_OWNS,"UserDeviceToken (upsert on unique token; fields: userId,platform,deviceId,isActive,lastSeenAt)",push delivery worker (pushNotification.service.ts -> admin.messaging().sendEachForMulticast); Firebase credential configuration UNKNOWN in the actual runtime env (var names undocumented in .env.example),MEDIUM,"furtail_app lib/features/notifications/data/repositories/notification_repository.dart:38-59 (registerDeviceToken), called from notification_service.dart:223,227 inside _initFirebaseMessaging() (initial fetch + onTokenRefresh) -- confirmed LIVE call path, not dead code, though notification_controller.dart:235-246 registerPushAfterAuth() itself has zero callers (registration instead fires at service-init time, not specifically gated on post-login as its doc comment implies). furtail_api src/api/v1/modules/notifications/notifications.routes.ts:6-7 (auth); notifications.controller.ts:60-99 (upsert on unique token; response {id,platform,isActive}). No dedicated test file found for this route (grep for device-token/notification test files found only unrelated notificationQueue.test.ts). Push pipeline is NOT a stub: pushNotification.service.ts:104-145 reads active UserDeviceToken rows and calls admin.messaging().sendEachForMulticast(), deactivating invalid tokens. Firebase credential env var names (FIREBASE_SERVICE_ACCOUNT_JSON / FIREBASE_PROJECT_ID+CLIENT_EMAIL+PRIVATE_KEY / GOOGLE_APPLICATION_CREDENTIALS) do NOT appear in furtail_api/.env.example -- undocumented in the template, actual runtime configuration UNKNOWN (not inspected, values never read)."
location,lib/features/common/data/repositories/bd_locations_repository.dart,GET,/api/v1/common/bd/divisions,none,none,none,200,list,none,unknown,none,no,no,modules/common/common.routes.ts,common.controller,UNKNOWN,BdDivision,KEEP_COMPATIBLE,CONFIRMED,Legacy BD-specific location hierarchy,NEW_API_OWNS,BdDivision,none,LOW,Carried forward unchanged from Step 3 (03-endpoint-matrix.csv); not part of the Step 5A PARTIAL/UNKNOWN resolution scope.
location,lib/features/common/data/repositories/bd_locations_repository.dart,GET,/api/v1/common/bd/districts,divisionId (query),divisionId,none,200,list,none,unknown,none,no,no,modules/common/common.routes.ts,common.controller,UNKNOWN,BdDistrict,KEEP_COMPATIBLE,CONFIRMED,none,NEW_API_OWNS,BdDistrict,none,LOW,Carried forward unchanged from Step 3 (03-endpoint-matrix.csv); not part of the Step 5A PARTIAL/UNKNOWN resolution scope.
location,lib/features/common/data/repositories/bd_locations_repository.dart,GET,/api/v1/common/bd/upazilas,districtId (query),districtId,none,200,list,none,unknown,none,no,no,modules/common/common.routes.ts,common.controller,UNKNOWN,BdUpazila,KEEP_COMPATIBLE,CONFIRMED,none,NEW_API_OWNS,BdUpazila,none,LOW,Carried forward unchanged from Step 3 (03-endpoint-matrix.csv); not part of the Step 5A PARTIAL/UNKNOWN resolution scope.
location,lib/features/common/data/repositories/bd_locations_repository.dart,GET,/api/v1/common/bd/areas,upazilaId (query),upazilaId,none,200,list,none,unknown,none,no,no,modules/common/common.routes.ts,common.controller,UNKNOWN,BdArea,KEEP_COMPATIBLE,CONFIRMED,none,NEW_API_OWNS,BdArea,none,LOW,Carried forward unchanged from Step 3 (03-endpoint-matrix.csv); not part of the Step 5A PARTIAL/UNKNOWN resolution scope.
location,lib/features/common/data/repositories/bd_locations_repository.dart,GET,/api/v1/common/bd/city-corporations,districtId (query),districtId,none,200,list,none,unknown,none,no,no,modules/common/common.routes.ts,common.controller,UNKNOWN,CityCorporation,KEEP_COMPATIBLE,CONFIRMED,none,NEW_API_OWNS,CityCorporation,none,LOW,Carried forward unchanged from Step 3 (03-endpoint-matrix.csv); not part of the Step 5A PARTIAL/UNKNOWN resolution scope.
location,lib/features/common/data/repositories/bd_locations_repository.dart,GET,/api/v1/common/bd/zones,cityCorporationId (query),cityCorporationId,none,200,list,none,unknown,none,no,no,modules/common/common.routes.ts,common.controller,UNKNOWN,CoverageZone,KEEP_COMPATIBLE,CONFIRMED,none,NEW_API_OWNS,CoverageZone,none,LOW,Carried forward unchanged from Step 3 (03-endpoint-matrix.csv); not part of the Step 5A PARTIAL/UNKNOWN resolution scope.
location,lib/features/common/data/repositories/bd_locations_repository.dart,GET,/api/v1/common/bd/cc-areas,zoneId (query),zoneId,none,200,list,none,unknown,none,no,no,modules/common/common.routes.ts,common.controller,UNKNOWN,CoverageZoneArea,KEEP_COMPATIBLE,CONFIRMED,none,NEW_API_OWNS,CoverageZoneArea,none,LOW,Carried forward unchanged from Step 3 (03-endpoint-matrix.csv); not part of the Step 5A PARTIAL/UNKNOWN resolution scope.
location,lib/features/common/data/repositories/bd_locations_repository.dart,POST,/api/v1/location-master/validate-selection,none,none,divisionId?;districtId?;upazilaId?;unionId?;areaId? (only non-null included),200,"{ok:true,...resolved node set} or {ok:false,errorCode (e.g. LOCATION_ID_NOT_FOUND, DISTRICT_DIVISION_MISMATCH, UPAZILA_DISTRICT_MISMATCH),message}",none,not required (auth:false),n/a,no,no,modules/common/common.routes.ts,common.controller,UNKNOWN,unknown,KEEP_COMPATIBLE,CONFIRMED,"Resolved Step 5A: path corrected -- the actual Flutter call is /api/v1/location-master/validate-selection, NOT /common/location-master/validate-selection as originally recorded (no /common prefix; location-master is mounted as its own top-level module). Legacy also has a SECOND, older duplicate route at /locations/validate-selection (locations.routes.ts:24) that Flutter does NOT call -- a genuine duplicate-endpoint finding worth flagging for the new API design (should consolidate to one).",NEW_API_OWNS,"BdDivision;BdDistrict;BdUpazila;BdUnion;BdArea (cross-reference validation only, read-only)",none,LOW,"furtail_app lib/features/common/data/repositories/bd_locations_repository.dart:89-111; furtail_api src/api/v1/routes.ts:43 (mounts /location-master), src/modules/location/location.routes.ts:13 (POST /validate-selection), location.controller.ts:70-73, location.service.ts:118 (validateSelection). DUPLICATE: locations.routes.ts:24 (older /locations/validate-selection, unused by Flutter)."
location,lib/features/location/data/location_repository.dart,GET,/api/v1/location-master/divisions,none,locale;pageSize;q;parentId,none,200,list,none,unknown,page-size based,no,no,src/modules/location/location.routes.ts,location.controller,UNKNOWN,unknown,KEEP_COMPATIBLE,CONFIRMED,"Newer parallel location system, not yet reconciled with common/bd/*",NEW_API_OWNS,none identified,none,LOW,Carried forward unchanged from Step 3 (03-endpoint-matrix.csv); not part of the Step 5A PARTIAL/UNKNOWN resolution scope.
location,lib/features/location/data/location_repository.dart,GET,/api/v1/location-master/districts,none,locale;pageSize;q;parentId,none,200,list,none,unknown,page-size based,no,no,src/modules/location/location.routes.ts,location.controller,UNKNOWN,unknown,KEEP_COMPATIBLE,CONFIRMED,none,NEW_API_OWNS,none identified,none,LOW,Carried forward unchanged from Step 3 (03-endpoint-matrix.csv); not part of the Step 5A PARTIAL/UNKNOWN resolution scope.
location,lib/features/location/data/location_repository.dart,GET,/api/v1/location-master/upazilas,none,locale;pageSize;q;parentId,none,200,list,none,unknown,page-size based,no,no,src/modules/location/location.routes.ts,location.controller,UNKNOWN,unknown,KEEP_COMPATIBLE,CONFIRMED,none,NEW_API_OWNS,none identified,none,LOW,Carried forward unchanged from Step 3 (03-endpoint-matrix.csv); not part of the Step 5A PARTIAL/UNKNOWN resolution scope.
location,lib/features/location/data/location_repository.dart,GET,/api/v1/location-master/unions,none,locale;pageSize;q;parentId,none,200,list,none,unknown,page-size based,no,no,src/modules/location/location.routes.ts,location.controller,UNKNOWN,unknown,KEEP_COMPATIBLE,CONFIRMED,none,NEW_API_OWNS,none identified,none,LOW,Carried forward unchanged from Step 3 (03-endpoint-matrix.csv); not part of the Step 5A PARTIAL/UNKNOWN resolution scope.
location,lib/features/legacy/presentation/screens/country_picker_screen.dart:47,GET,/api/v1/public/countries,none,none,none,200,list,none,not required,none,no,no,modules/countries/countries.routes.ts,countries.controller,UNKNOWN,Country,KEEP_COMPATIBLE,CONFIRMED,Only surviving legacy/ screen with a real backend call,NEW_API_OWNS,Country,none,LOW,Carried forward unchanged from Step 3 (03-endpoint-matrix.csv); not part of the Step 5A PARTIAL/UNKNOWN resolution scope.
location,lib/core/network/api_endpoints.dart,GET,/api/v1/public/countries/default,none,none,none,unknown,unknown,unknown,"not required (public, per file comment ""no auth required"")",none,no,no,modules/countries/countries.routes.ts,countries.controller,UNKNOWN,Country,LEGACY_UNUSED,CONFIRMED,"Resolved Step 5A: publicCountryDefault getter is defined in api_endpoints.dart:654 but grep of the whole lib/ tree found zero other references -- defined-but-never-called client-side. Legacy route confirmed registered and public (countries.routes.ts:6, alongside GET / at line 5, both explicitly commented ""no auth required"").",NEW_API_OWNS,Country (getDefault query),none,LOW,"furtail_app lib/core/network/api_endpoints.dart:654 (defined, zero callers); furtail_api src/api/v1/modules/countries/countries.routes.ts:5-6 (public)"
share,lib/core/services/share_service.dart:20,GET,/api/v1/common/share-link,none,type;id,none,200,link,none,unknown,n/a,no,no,modules/common/common.routes.ts,common.controller,UNKNOWN,unknown,KEEP_COMPATIBLE,CONFIRMED,Server-generated deep link for share sheets,NEW_API_OWNS,none identified,none,LOW,Carried forward unchanged from Step 3 (03-endpoint-matrix.csv); not part of the Step 5A PARTIAL/UNKNOWN resolution scope.
legacy_screens,lib/features/legacy/presentation/screens/shop_screen.dart;services_screen.dart;vet_screen.dart;donation_screen.dart;dashboard_screen.dart;create_post_screen.dart;edit_post_screen.dart;settings_screen.dart;language_select_screen.dart;splash_screen.dart;adoption_screen.dart,none,none,none,none,none,none,none,none,none,n/a,no,no,n/a,n/a,n/a,n/a,LEGACY_UNUSED,CONFIRMED,"No ApiEndpoints calls found in any of these screens; superseded by features/posts, features/settings, features/adoption respectively",LEGACY_API_TEMPORARILY_OWNS,n/a,none,LOW,Carried forward unchanged from Step 3 (03-endpoint-matrix.csv); not part of the Step 5A PARTIAL/UNKNOWN resolution scope.
messaging,none,none,none,none,none,none,none,none,none,none,none,no,no,none,none,none,none,UNKNOWN,CONFIRMED,"CONFIRMED ABSENT on both client and backend -- no chat/message/conversation feature, route, or Prisma model exists anywhere",UNKNOWN,none identified,none,LOW,Carried forward unchanged from Step 3 (03-endpoint-matrix.csv); not part of the Step 5A PARTIAL/UNKNOWN resolution scope.
search,none,none,none,none,none,none,none,none,none,none,none,no,no,none,none,none,none,UNKNOWN,CONFIRMED,CONFIRMED ABSENT as a dedicated capability -- search exists only as query params on postsVideos(search:) and adoptions(search:),UNKNOWN,none identified,none,LOW,Carried forward unchanged from Step 3 (03-endpoint-matrix.csv); not part of the Step 5A PARTIAL/UNKNOWN resolution scope.
socket_realtime,none,none,none,none,none,none,none,none,none,none,none,no,no,src/realtime/socketio.gateway.ts;src/socket/notification.socket.ts,unknown,UNKNOWN,none,UNKNOWN,CONFIRMED,furtail_api runs Socket.IO server-side (notification:new;unread:count;QUEUE_UPDATED;NOW_SERVING_CHANGED;ESTIMATE_UPDATED;DOCTOR_QUEUE_UPDATED events; rooms user:{userId} etc.) but no Flutter client socket usage exists -- AppConfig.socketUrl is populated from env but unconsumed dead config,UNKNOWN,none identified,none,LOW,Carried forward unchanged from Step 3 (03-endpoint-matrix.csv); not part of the Step 5A PARTIAL/UNKNOWN resolution scope.
offline_sync,lib/core/offline/sync_queue.dart,none,none,none,none,none,none,local queue only,none,n/a,none,no,no,n/a,n/a,n/a,n/a,UNKNOWN,CONFIRMED,"Built but not wired -- queues likePost/unlikePost/addComment/deleteComment/createPostDraft locally, explicit TODO in source: no execution/replay logic implemented",UNKNOWN,n/a,none,LOW,Carried forward unchanged from Step 3 (03-endpoint-matrix.csv); not part of the Step 5A PARTIAL/UNKNOWN resolution scope.
